date,pm10,pm2_5,carbon_monoxide,nitrogen_dioxide,sulphur_dioxide,ozone,aerosol_optical_depth,dust,uv_index,us_aqi,european_aqi
2022-08-01,,,,,,,,,,,
2022-08-02,,,,,,,,,,,
2022-08-03,,,,,,,,,,,
2022-08-04,23.974999999999998,9.016666666666667,123.04166666666667,2.4375,6.570833333333333,61.833333333333336,0.28750000000000003,26.541666666666668,2.1875,,
2022-08-05,30.7625,14.058333333333332,176.25,4.166666666666667,11.683333333333332,87.91666666666667,0.2608333333333333,30.5,2.1770833333333335,50.166666666666664,37.875
2022-08-06,12.3125,6.758333333333333,112.33333333333333,2.216666666666667,5.929166666666667,52.458333333333336,0.2325,1.2083333333333333,1.7562499999999999,43.0,24.541666666666668
2022-08-07,20.229166666666668,7.6625000000000005,117.41666666666667,1.8416666666666668,4.145833333333333,59.166666666666664,0.31166666666666665,21.625,1.96875,29.875,23.708333333333332
2022-08-08,39.18333333333333,12.5,150.5,2.7375000000000003,8.5875,86.33333333333333,0.33416666666666667,53.833333333333336,2.2395833333333335,43.083333333333336,36.875
2022-08-09,28.854166666666668,12.049999999999999,159.79166666666666,2.4541666666666666,7.795833333333333,78.70833333333333,0.3970833333333333,27.125,1.6375,53.791666666666664,37.041666666666664
2022-08-10,31.770833333333332,10.983333333333334,115.375,0.7000000000000001,1.3916666666666666,49.041666666666664,0.5179166666666667,38.291666666666664,1.45625,42.0,23.833333333333332
2022-08-11,73.95,17.004166666666666,100.625,1.0875000000000001,2.029166666666667,62.916666666666664,0.64,133.91666666666666,1.8708333333333333,57.458333333333336,59.583333333333336
2022-08-12,52.291666666666664,12.679166666666667,112.66666666666667,2.1875,5.304166666666666,70.75,0.33958333333333335,88.75,1.9979166666666668,55.458333333333336,65.91666666666667
2022-08-13,30.375,11.7125,109.375,2.2875,5.25,66.875,0.16458333333333333,31.125,1.7791666666666668,48.625,40.75
2022-08-14,44.17083333333333,14.475,99.91666666666667,1.3958333333333333,2.9875000000000003,60.291666666666664,0.22666666666666668,55.375,2.597916666666667,53.666666666666664,38.958333333333336
2022-08-15,38.729166666666664,11.85,100.33333333333333,0.9416666666666668,1.9791666666666667,52.583333333333336,0.4191666666666667,53.291666666666664,2.06875,52.041666666666664,43.958333333333336
2022-08-16,35.0625,11.924999999999999,97.54166666666667,0.85,1.7249999999999999,54.75,0.6749999999999999,38.25,1.9291666666666665,47.916666666666664,35.458333333333336
2022-08-17,44.041666666666664,12.208333333333334,103.79166666666667,1.2375,2.704166666666667,63.0,0.7995833333333334,61.916666666666664,1.5458333333333334,50.708333333333336,39.75
2022-08-18,39.37083333333333,11.354166666666666,120.25,1.875,5.004166666666666,69.58333333333333,0.40166666666666667,58.833333333333336,2.0500000000000003,50.0,53.375
2022-08-19,13.833333333333334,7.633333333333333,135.25,3.720833333333333,8.254166666666666,62.458333333333336,0.12666666666666668,4.583333333333333,1.9916666666666665,39.25,29.916666666666668
2022-08-20,15.5875,8.495833333333334,117.04166666666667,2.0375,3.5416666666666665,53.75,0.09291666666666666,0.0,0.9354166666666667,33.625,21.458333333333332
2022-08-21,12.924999999999999,6.866666666666667,107.83333333333333,1.1416666666666666,2.1708333333333334,52.791666666666664,0.21,1.0833333333333333,2.2875,34.0,21.166666666666668
2022-08-22,17.412499999999998,6.5249999999999995,104.95833333333333,1.05,2.129166666666667,49.541666666666664,0.45083333333333336,16.791666666666668,1.9708333333333332,26.791666666666668,19.791666666666668
2022-08-23,27.537499999999998,8.145833333333334,104.29166666666667,1.1041666666666667,2.341666666666667,49.666666666666664,0.32583333333333336,34.041666666666664,2.0541666666666667,29.333333333333332,21.375
2022-08-24,50.2125,9.858333333333333,107.95833333333333,1.1458333333333333,2.5625,52.458333333333336,0.5270833333333333,88.16666666666667,1.96875,38.166666666666664,41.583333333333336
2022-08-25,22.941666666666666,7.9125000000000005,123.04166666666667,2.8041666666666667,6.625,57.875,0.19499999999999998,29.416666666666668,1.3520833333333335,41.125,46.5
2022-08-26,12.108333333333334,6.420833333333333,118.79166666666667,1.8416666666666668,4.425,56.333333333333336,0.07958333333333334,4.25,2.339583333333333,30.166666666666668,22.916666666666668
2022-08-27,12.9375,6.6000000000000005,114.125,1.0291666666666666,2.0791666666666666,57.875,0.08125,5.0,2.65625,28.541666666666668,23.083333333333332
2022-08-28,30.912499999999998,11.095833333333333,113.375,2.2708333333333335,4.608333333333333,68.875,0.25375,34.083333333333336,1.647916666666667,36.458333333333336,28.416666666666668
2022-08-29,45.60833333333333,13.620833333333332,147.08333333333334,4.433333333333334,8.833333333333334,72.75,0.4041666666666666,72.08333333333333,1.5479166666666666,48.541666666666664,39.458333333333336
2022-08-30,23.170833333333334,10.8375,143.5,3.6916666666666664,7.904166666666666,58.833333333333336,0.13999999999999999,19.0,1.7354166666666666,53.0,42.208333333333336
2022-08-31,24.724999999999998,12.058333333333332,103.20833333333333,1.375,2.591666666666667,56.333333333333336,0.12666666666666668,10.333333333333334,2.0625,48.291666666666664,24.333333333333332
2022-09-01,19.804166666666667,10.775,133.25,1.7291666666666667,3.6208333333333336,55.208333333333336,0.14541666666666667,0.4583333333333333,2.09375,45.041666666666664,23.75
2022-09-02,14.629166666666668,8.366666666666667,127.95833333333333,1.8125,3.170833333333333,50.708333333333336,0.16333333333333333,0.9166666666666666,1.34375,42.833333333333336,21.708333333333332
2022-09-03,12.0,6.958333333333333,144.41666666666666,1.7791666666666666,4.529166666666667,76.58333333333333,0.1225,4.208333333333333,2.279166666666667,35.75,31.75
2022-09-04,22.849999999999998,13.320833333333333,217.83333333333334,4.7124999999999995,13.612499999999999,109.75,0.31625,10.291666666666666,2.060416666666667,65.0,45.041666666666664
2022-09-05,16.495833333333334,8.508333333333333,160.16666666666666,3.2624999999999997,9.041666666666666,63.0,0.155,9.083333333333334,2.2125,53.416666666666664,27.708333333333332
2022-09-06,10.966666666666667,5.95,127.25,0.9958333333333335,2.1374999999999997,37.666666666666664,0.35375,1.0,2.1395833333333334,30.25,15.708333333333334
2022-09-07,33.833333333333336,9.066666666666666,105.20833333333333,0.8583333333333334,1.6208333333333333,45.875,0.48666666666666664,46.333333333333336,1.7625000000000002,25.875,19.25
2022-09-08,63.166666666666664,13.775,115.04166666666667,2.0749999999999997,4.758333333333334,62.375,0.5575,111.91666666666667,1.929166666666667,52.958333333333336,61.666666666666664
2022-09-09,19.304166666666667,9.483333333333333,175.58333333333334,3.391666666666667,8.833333333333334,71.29166666666667,0.30624999999999997,14.75,2.214583333333333,47.25,45.0
2022-09-10,13.820833333333333,6.379166666666666,149.54166666666666,1.6041666666666667,3.2875,53.958333333333336,0.5341666666666667,6.791666666666667,1.5791666666666666,33.5,21.875
2022-09-11,55.39166666666667,13.5375,98.08333333333333,1.1083333333333334,2.0166666666666666,61.916666666666664,0.7316666666666666,87.41666666666667,1.71875,41.0,38.291666666666664
2022-09-12,27.791666666666668,10.154166666666667,157.5,3.8708333333333336,7.133333333333333,65.54166666666667,0.17083333333333336,34.5,1.7041666666666666,50.416666666666664,51.416666666666664
2022-09-13,22.366666666666664,10.916666666666666,127.16666666666667,2.625,6.408333333333334,64.375,0.15041666666666667,10.166666666666666,2.1687499999999997,40.708333333333336,26.708333333333332
2022-09-14,17.9875,7.25,118.83333333333333,1.8083333333333333,3.3166666666666664,58.25,0.39166666666666666,14.458333333333334,1.59375,38.583333333333336,24.458333333333332
2022-09-15,47.5875,13.716666666666667,112.16666666666667,2.341666666666667,3.8833333333333333,65.04166666666667,0.4604166666666667,65.16666666666667,2.2041666666666666,38.625,30.25
2022-09-16,88.50416666666666,18.566666666666666,131.33333333333334,2.7875,7.091666666666666,69.58333333333333,0.3275,169.41666666666666,2.2916666666666665,62.916666666666664,70.25
2022-09-17,73.63333333333334,15.725,121.5,1.3125,2.9875000000000003,61.291666666666664,0.35625,137.125,2.120833333333333,60.375,70.33333333333333
2022-09-18,99.94166666666666,17.966666666666665,109.75,1.4083333333333332,3.233333333333333,65.125,0.4633333333333333,199.41666666666666,2.0791666666666666,65.75,74.58333333333333
2022-09-19,93.64583333333333,16.391666666666666,101.375,1.4708333333333332,3.4250000000000003,62.458333333333336,0.42041666666666666,186.95833333333334,2.0791666666666666,73.91666666666667,81.125
2022-09-20,38.637499999999996,13.829166666666666,102.04166666666667,1.8791666666666667,4.5125,60.041666666666664,0.28791666666666665,43.75,2.2312499999999997,58.25,61.541666666666664
2022-09-21,53.86666666666667,15.529166666666667,98.66666666666667,2.1125000000000003,4.204166666666667,57.083333333333336,0.45916666666666667,77.91666666666667,1.9083333333333334,55.875,49.125
2022-09-22,49.175000000000004,15.095833333333333,105.33333333333333,2.5708333333333333,4.691666666666666,61.041666666666664,0.41958333333333336,66.625,1.3541666666666667,57.708333333333336,61.416666666666664
2022-09-23,36.53333333333333,13.629166666666668,104.95833333333333,2.5,4.120833333333334,56.833333333333336,0.29375,38.333333333333336,1.28125,55.083333333333336,45.875
2022-09-24,33.770833333333336,12.737499999999999,104.45833333333333,2.1458333333333335,4.833333333333333,52.166666666666664,0.19166666666666668,33.875,2.2687500000000003,52.25,34.416666666666664
2022-09-25,36.208333333333336,12.295833333333334,102.70833333333333,1.925,4.3625,49.375,0.245,45.75,2.029166666666667,51.541666666666664,36.166666666666664
2022-09-26,20.004166666666666,9.2875,145.79166666666666,4.675,11.362499999999999,64.16666666666667,0.22791666666666666,16.75,1.6958333333333335,46.625,33.291666666666664
2022-09-27,13.008333333333333,8.3125,166.95833333333334,3.6,9.575000000000001,73.95833333333333,0.14375000000000002,2.125,2.254166666666667,36.791666666666664,30.708333333333332
2022-09-28,18.0625,9.629166666666666,183.45833333333334,3.25,8.920833333333333,77.08333333333333,0.3175,8.25,2.029166666666667,42.958333333333336,30.916666666666668
2022-09-29,27.858333333333334,9.9,155.75,1.4958333333333333,2.9,54.875,0.4816666666666667,30.375,1.66875,39.25,23.791666666666668
2022-09-30,68.4375,18.629166666666666,144.875,1.8541666666666667,4.583333333333333,65.375,0.46541666666666665,110.5,1.9166666666666667,52.041666666666664,47.083333333333336
2022-10-01,67.07083333333334,17.575,119.58333333333333,1.4124999999999999,3.0208333333333335,62.5,0.43375,110.66666666666667,1.85625,65.79166666666667,69.5
2022-10-02,61.229166666666664,15.391666666666666,117.70833333333333,1.75,5.0,78.25,0.36166666666666664,99.91666666666667,1.76875,57.208333333333336,64.08333333333333
2022-10-03,58.14166666666667,16.587500000000002,134.41666666666666,2.795833333333333,5.3875,75.625,0.3125,90.375,1.7583333333333335,58.708333333333336,64.83333333333333
2022-10-04,42.1,14.6625,218.79166666666666,3.5208333333333335,11.887500000000001,94.08333333333333,0.29458333333333336,59.291666666666664,2.0854166666666667,68.625,57.791666666666664
2022-10-05,36.637499999999996,14.458333333333334,161.625,1.1541666666666666,2.4583333333333335,64.375,0.5408333333333334,37.958333333333336,1.8895833333333334,54.791666666666664,41.125
2022-10-06,58.80416666666667,17.175,133.33333333333334,1.7,3.4458333333333333,65.16666666666667,0.9204166666666667,85.29166666666667,1.39375,58.375,48.916666666666664
2022-10-07,46.00416666666666,12.025,141.375,2.1125000000000003,4.941666666666666,61.708333333333336,0.5920833333333334,73.45833333333333,1.8458333333333332,54.333333333333336,57.041666666666664
2022-10-08,76.33749999999999,19.2375,115.0,1.5708333333333335,3.2125,66.04166666666667,0.5379166666666667,130.25,1.0875000000000001,59.291666666666664,66.41666666666667
2022-10-09,56.42083333333333,18.683333333333334,126.66666666666667,3.579166666666667,5.6000000000000005,69.04166666666667,0.41124999999999995,79.16666666666667,0.7687499999999999,61.541666666666664,63.833333333333336
2022-10-10,94.66666666666667,27.224999999999998,163.29166666666666,4.1375,10.920833333333334,94.20833333333333,0.5629166666666666,149.91666666666666,1.2083333333333333,76.95833333333333,70.75
2022-10-11,90.68333333333334,22.245833333333334,147.75,3.2375000000000003,8.191666666666666,78.0,0.6666666666666666,158.125,1.5875000000000001,77.45833333333333,75.875
2022-10-12,104.35000000000001,22.545833333333334,146.25,4.041666666666667,8.049999999999999,76.75,0.6754166666666667,194.08333333333334,1.6208333333333333,74.70833333333333,81.29166666666667
2022-10-13,97.15416666666665,23.016666666666666,150.375,3.9166666666666665,7.7250000000000005,76.41666666666667,0.6237499999999999,173.375,1.6645833333333335,73.41666666666667,79.75
2022-10-14,94.325,23.287499999999998,133.33333333333334,1.4875,3.3333333333333335,63.916666666666664,0.55875,168.41666666666666,1.64375,73.29166666666667,77.33333333333333
2022-10-15,82.02083333333333,18.208333333333332,109.16666666666667,1.4666666666666668,3.108333333333333,74.41666666666667,0.5216666666666667,145.41666666666666,1.75,70.45833333333333,77.16666666666667
2022-10-16,49.10833333333333,14.933333333333332,106.58333333333333,1.5791666666666666,2.9125,77.83333333333333,0.47458333333333336,62.25,1.8229166666666667,58.916666666666664,65.83333333333333
2022-10-17,63.012499999999996,23.570833333333336,188.58333333333334,3.775,11.929166666666667,116.5,0.44625000000000004,75.54166666666667,1.8145833333333334,87.16666666666667,63.25
2022-10-18,59.06666666666666,20.379166666666666,182.41666666666666,3.1875,8.808333333333334,94.83333333333333,0.5495833333333333,78.33333333333333,1.5916666666666668,81.375,63.5
2022-10-19,70.6375,17.704166666666666,106.875,1.8666666666666665,3.6916666666666664,68.08333333333333,0.6529166666666667,119.91666666666667,1.5458333333333334,64.45833333333333,66.95833333333333
2022-10-20,73.26666666666667,16.391666666666666,103.20833333333333,1.5541666666666665,3.0041666666666664,57.916666666666664,0.64125,130.5,1.6416666666666666,61.125,69.45833333333333
2022-10-21,73.12083333333334,15.416666666666666,106.54166666666667,1.5833333333333333,3.5041666666666664,62.041666666666664,0.625,133.0,1.5833333333333333,58.125,67.95833333333333
2022-10-22,69.42083333333333,15.683333333333332,102.16666666666667,1.5625,3.266666666666667,62.958333333333336,0.5116666666666666,121.79166666666667,1.71875,60.5,70.45833333333333
2022-10-23,45.31666666666666,11.975,113.75,2.1458333333333335,5.120833333333334,73.08333333333333,0.37875,71.29166666666667,1.8291666666666666,53.041666666666664,60.125
2022-10-24,72.91666666666667,18.083333333333332,144.45833333333334,3.4250000000000003,7.995833333333334,80.75,0.4608333333333334,122.79166666666667,1.3520833333333335,53.375,59.583333333333336
2022-10-25,77.70833333333333,21.245833333333334,170.75,3.1125000000000003,9.15,77.70833333333333,0.39125000000000004,125.625,1.2333333333333334,71.91666666666667,73.75
2022-10-26,58.362500000000004,17.7625,123.5,2.495833333333333,4.2875000000000005,61.916666666666664,0.4479166666666667,82.08333333333333,1.6020833333333335,64.5,66.33333333333333
2022-10-27,56.862500000000004,18.212500000000002,144.5,3.5708333333333333,6.866666666666667,75.29166666666667,0.4370833333333333,82.66666666666667,1.695833333333333,60.791666666666664,62.583333333333336
2022-10-28,64.92916666666666,22.929166666666664,181.0,5.079166666666667,13.516666666666666,101.20833333333333,0.4766666666666666,82.54166666666667,1.6333333333333335,77.75,64.375
2022-10-29,64.14999999999999,14.879166666666668,126.5,2.875,6.0125,71.45833333333333,0.58875,109.875,1.5708333333333335,69.75,66.625
2022-10-30,86.25833333333333,18.604166666666668,184.08333333333334,5.579166666666667,13.916666666666666,72.08333333333333,0.6154166666666666,157.375,1.3854166666666667,58.125,68.41666666666667
2022-10-31,160.11249999999998,35.141666666666666,201.29166666666666,5.4125000000000005,10.429166666666667,80.33333333333333,0.7141666666666667,302.7916666666667,1.4166666666666667,85.33333333333333,90.29166666666667
2022-11-01,138.68333333333334,39.987500000000004,219.375,5.7250000000000005,10.695833333333333,81.79166666666667,0.615,232.625,1.5270833333333333,105.79166666666667,101.20833333333333
2022-11-02,131.32916666666668,37.65416666666667,233.45833333333334,6.845833333333334,15.908333333333333,84.54166666666667,0.6891666666666666,218.58333333333334,1.3770833333333332,113.45833333333333,94.79166666666667
2022-11-03,86.14583333333333,25.175,166.125,5.970833333333334,11.120833333333332,68.875,0.47750000000000004,139.20833333333334,1.5291666666666668,88.375,82.75
2022-11-04,68.85000000000001,20.795833333333334,161.5,6.445833333333333,11.35,68.66666666666667,0.3225,105.83333333333333,1.6458333333333333,74.29166666666667,70.91666666666667
2022-11-05,54.0375,17.479166666666668,139.83333333333334,5.483333333333333,9.529166666666667,69.08333333333333,0.155,77.95833333333333,1.8333333333333333,64.66666666666667,63.75
2022-11-06,58.52916666666667,17.466666666666665,135.375,4.366666666666666,7.641666666666667,72.875,0.18208333333333335,87.125,1.3458333333333332,62.958333333333336,63.291666666666664
2022-11-07,40.24583333333333,14.1625,115.625,3.091666666666667,5.9750000000000005,64.75,0.2708333333333333,50.041666666666664,1.8375000000000001,57.625,52.125
2022-11-08,41.800000000000004,13.387500000000001,100.58333333333333,3.0541666666666667,4.629166666666666,61.5,0.4454166666666666,53.5,0.9562499999999999,54.125,40.416666666666664
2022-11-09,44.71666666666667,15.145833333333334,117.83333333333333,2.966666666666667,5.733333333333333,67.33333333333333,0.445,55.791666666666664,1.5125,55.125,50.375
2022-11-10,40.625,14.4,125.875,3.1666666666666665,5.729166666666667,67.83333333333333,0.34125,48.375,1.6729166666666666,54.958333333333336,41.833333333333336
2022-11-11,48.68333333333334,15.65,138.75,3.3208333333333333,6.1875,73.25,0.30916666666666665,66.41666666666667,1.64375,56.708333333333336,48.666666666666664
2022-11-12,48.00416666666666,16.241666666666667,142.29166666666666,2.9125,4.979166666666667,75.125,0.27666666666666667,60.583333333333336,1.6604166666666667,58.541666666666664,59.041666666666664
2022-11-13,49.324999999999996,16.983333333333334,141.375,3.220833333333333,5.283333333333333,73.5,0.3104166666666667,60.375,1.45625,59.833333333333336,54.291666666666664
2022-11-14,46.083333333333336,15.066666666666668,113.91666666666667,2.375,4.395833333333333,66.66666666666667,0.26166666666666666,56.875,1.7979166666666666,58.625,58.375
2022-11-15,48.44583333333333,16.191666666666666,104.29166666666667,2.2125,3.6750000000000003,63.208333333333336,0.3645833333333333,57.083333333333336,1.5729166666666667,57.708333333333336,50.5
2022-11-16,70.37083333333332,23.358333333333334,172.91666666666666,4.575,12.591666666666667,76.33333333333333,0.36333333333333334,97.91666666666667,1.5708333333333335,65.125,63.375
2022-11-17,70.10416666666667,19.462500000000002,149.45833333333334,3.6291666666666664,5.795833333333333,61.583333333333336,0.37999999999999995,113.08333333333333,1.5395833333333335,69.79166666666667,67.41666666666667
2022-11-18,82.675,26.84583333333333,189.79166666666666,5.354166666666667,11.558333333333332,83.75,0.4320833333333333,125.20833333333333,1.2895833333333333,74.25,72.5
2022-11-19,62.525,17.345833333333335,135.83333333333334,2.275,3.8666666666666667,63.791666666666664,0.18541666666666667,94.95833333333333,1.7312500000000002,73.45833333333333,69.20833333333333
2022-11-20,93.02916666666665,22.65833333333333,116.33333333333333,1.9124999999999999,3.1374999999999997,63.166666666666664,0.20458333333333334,160.04166666666666,1.5250000000000001,67.75,71.66666666666667
2022-11-21,67.73333333333333,20.833333333333332,151.875,3.733333333333333,5.570833333333333,65.95833333333333,0.20541666666666666,98.83333333333333,1.58125,71.54166666666667,72.54166666666667
2022-11-22,90.00833333333333,26.099999999999998,133.16666666666666,3.6625,6.0,61.375,0.345,146.875,1.4833333333333334,69.75,68.83333333333333
2022-11-23,85.71249999999999,25.070833333333336,148.45833333333334,3.0500000000000003,5.6375,69.0,0.31375000000000003,143.33333333333334,1.5291666666666666,83.375,78.16666666666667
2022-11-24,70.95,19.766666666666666,149.04166666666666,2.379166666666667,4.141666666666667,78.66666666666667,0.2754166666666667,111.16666666666667,1.2145833333333333,72.25,71.41666666666667
2022-11-25,52.145833333333336,18.0,145.29166666666666,2.9458333333333333,4.883333333333334,71.33333333333333,0.39166666666666666,67.54166666666667,1.0979166666666667,62.833333333333336,62.208333333333336
2022-11-26,86.50416666666666,30.287499999999998,173.70833333333334,4.833333333333333,9.15,71.91666666666667,0.3854166666666667,121.375,1.3125,73.625,68.625
2022-11-27,73.69583333333334,23.325,147.04166666666666,3.9499999999999997,6.625,58.333333333333336,0.22375,110.79166666666667,1.7,84.5,73.25
2022-11-28,73.53333333333333,22.479166666666668,146.0,3.154166666666667,4.6625000000000005,57.708333333333336,0.24083333333333334,110.58333333333333,1.6854166666666668,71.79166666666667,67.29166666666667
2022-11-29,113.81666666666666,36.512499999999996,156.66666666666666,3.4875000000000003,7.466666666666666,65.95833333333333,0.30916666666666665,181.5,1.575,84.25,77.66666666666667
2022-11-30,95.50833333333333,34.275,158.0,3.408333333333333,5.670833333333333,60.291666666666664,0.3558333333333333,136.16666666666666,1.5583333333333333,105.0,83.375
2022-12-01,77.27916666666667,26.879166666666666,130.83333333333334,1.7791666666666668,3.266666666666667,62.75,0.37833333333333335,106.625,1.5229166666666665,89.79166666666667,73.625
2022-12-02,65.34583333333333,23.445833333333336,130.91666666666666,1.75,3.1374999999999997,63.875,0.20458333333333334,84.375,1.7,77.41666666666667,67.83333333333333
2022-12-03,49.34583333333333,18.754166666666666,133.70833333333334,1.4625000000000001,3.0749999999999997,72.125,0.2125,56.583333333333336,1.6770833333333333,70.875,64.04166666666667
2022-12-04,33.375,12.916666666666666,115.375,1.5999999999999999,3.3874999999999997,77.625,0.21375,33.291666666666664,1.6833333333333333,57.083333333333336,42.125
2022-12-05,27.958333333333332,12.487499999999999,127.91666666666667,2.1166666666666667,4.408333333333333,73.5,0.19625,21.416666666666668,1.6458333333333333,51.083333333333336,31.708333333333332
2022-12-06,26.745833333333334,12.395833333333334,135.75,2.475,4.441666666666666,65.20833333333333,0.17166666666666666,15.833333333333334,1.64375,50.375,26.791666666666668
2022-12-07,31.425,13.9125,133.75,2.441666666666667,3.870833333333333,70.5,0.19999999999999998,21.333333333333332,1.5958333333333332,52.375,29.708333333333332
2022-12-08,23.78333333333333,13.0,143.75,2.4791666666666665,3.975,71.91666666666667,0.20083333333333334,3.8333333333333335,1.6333333333333335,54.083333333333336,30.0
2022-12-09,32.104166666666664,14.916666666666666,137.58333333333334,2.9625,4.6875,60.416666666666664,0.22833333333333336,22.458333333333332,1.6145833333333333,52.375,27.333333333333332
2022-12-10,44.25,17.787499999999998,160.5,3.75,6.258333333333333,52.0,0.2754166666666667,47.625,1.5333333333333332,58.791666666666664,42.583333333333336
2022-12-11,50.737500000000004,21.96666666666667,165.75,3.2291666666666665,6.833333333333333,70.41666666666667,0.315,49.291666666666664,1.4645833333333333,64.54166666666667,51.75
2022-12-12,67.96249999999999,31.641666666666666,206.45833333333334,4.8125,12.408333333333333,71.29166666666667,0.21333333333333335,66.5,1.5854166666666665,79.91666666666667,63.166666666666664
2022-12-13,39.67916666666667,12.520833333333334,124.83333333333333,3.5666666666666664,7.925,42.0,0.12333333333333334,62.375,1.3708333333333333,83.41666666666667,66.33333333333333
2022-12-14,1.0125,0.7041666666666666,59.0,0.0,0.7666666666666666,27.166666666666668,0.03875,0.0,2.15,20.791666666666668,16.458333333333332
2022-12-15,0.9333333333333335,0.6458333333333334,62.083333333333336,0.0,0.2791666666666667,33.625,0.04,0.0,2.2020833333333334,15.083333333333334,13.5
2022-12-16,34.045833333333334,14.154166666666667,149.625,3.4250000000000003,5.6125,48.375,0.18500000000000003,30.625,1.6187500000000001,31.125,22.375
2022-12-17,40.77916666666667,16.566666666666666,164.08333333333334,4.2124999999999995,6.104166666666667,54.083333333333336,0.15791666666666668,40.916666666666664,1.6104166666666666,57.416666666666664,37.083333333333336
2022-12-18,65.91250000000001,23.84166666666667,181.29166666666666,5.429166666666667,9.262500000000001,62.208333333333336,0.23750000000000002,85.625,1.5125,65.16666666666667,58.708333333333336
2022-12-19,68.55833333333334,22.2,155.58333333333334,4.320833333333334,7.133333333333333,57.75,0.2608333333333333,99.91666666666667,1.4541666666666666,75.125,67.375
2022-12-20,78.94583333333334,25.662499999999998,161.5,5.120833333333334,8.737499999999999,56.583333333333336,0.2916666666666667,117.79166666666667,1.4333333333333333,74.83333333333333,69.04166666666667
2022-12-21,94.17083333333333,29.070833333333336,154.125,3.9875000000000003,7.258333333333333,55.958333333333336,0.2579166666666667,149.91666666666666,1.5354166666666667,81.91666666666667,75.125
2022-12-22,90.87083333333334,28.666666666666668,172.79166666666666,4.783333333333333,8.070833333333333,57.916666666666664,0.2833333333333333,140.83333333333334,1.3958333333333333,86.75,77.58333333333333
2022-12-23,106.8,30.6875,150.0,4.779166666666667,7.9624999999999995,55.375,0.31375000000000003,180.625,1.3541666666666667,85.375,77.25
2022-12-24,93.925,27.1125,159.79166666666666,4.3,7.25,57.875,0.3179166666666667,153.5,1.3187499999999999,89.16666666666667,81.75
2022-12-25,86.79166666666667,26.266666666666666,174.875,4.108333333333333,6.879166666666666,60.5,0.19958333333333333,133.20833333333334,1.4666666666666666,81.04166666666667,76.41666666666667
2022-12-26,93.94583333333333,25.25,147.91666666666666,2.6958333333333333,5.445833333333333,67.83333333333333,0.21041666666666667,151.66666666666666,1.45625,78.79166666666667,74.79166666666667
2022-12-27,51.5,17.291666666666668,118.125,1.6416666666666666,3.275,71.5,0.28791666666666665,63.583333333333336,1.4666666666666668,71.91666666666667,71.41666666666667
2022-12-28,19.7,10.733333333333334,125.91666666666667,1.9458333333333335,4.658333333333333,85.875,0.25458333333333333,3.7916666666666665,1.53125,53.541666666666664,41.083333333333336
2022-12-29,23.0125,13.833333333333334,162.95833333333334,4.041666666666667,9.741666666666667,91.375,0.1416666666666667,2.1666666666666665,1.4958333333333333,49.666666666666664,38.791666666666664
2022-12-30,70.85000000000001,34.55416666666667,256.7083333333333,6.716666666666666,13.695833333333333,76.75,0.3441666666666667,65.45833333333333,1.2958333333333334,66.25,43.375
2022-12-31,96.94583333333333,40.2375,201.20833333333334,4.8875,9.112499999999999,68.0,0.29916666666666664,119.04166666666667,1.51875,123.0,78.16666666666667
2023-01-01,91.85000000000001,33.74166666666667,178.875,4.8500000000000005,10.029166666666667,61.708333333333336,0.20333333333333334,126.125,1.6208333333333333,95.5,76.66666666666667
2023-01-02,88.4375,29.633333333333336,164.66666666666666,4.570833333333334,7.3625,53.666666666666664,0.23875000000000002,134.875,1.5125000000000002,95.08333333333333,76.54166666666667
2023-01-03,108.67916666666667,39.59166666666667,186.25,4.629166666666666,8.0875,57.625,0.3070833333333333,153.33333333333334,1.39375,97.45833333333333,81.79166666666667
2023-01-04,85.075,38.02916666666667,187.625,5.370833333333334,9.145833333333334,58.75,0.35125,98.54166666666667,1.2583333333333333,103.29166666666667,74.91666666666667
2023-01-05,86.18333333333334,34.854166666666664,182.29166666666666,5.0874999999999995,8.533333333333333,54.875,0.35874999999999996,113.29166666666667,1.2770833333333333,106.5,74.5
2023-01-06,83.30833333333334,31.620833333333334,188.33333333333334,3.783333333333333,7.716666666666666,77.375,0.34208333333333335,108.54166666666667,1.3812499999999999,96.41666666666667,75.79166666666667
2023-01-07,96.8875,35.729166666666664,155.54166666666666,3.908333333333333,6.341666666666666,57.291666666666664,0.5758333333333333,133.45833333333334,1.03125,96.04166666666667,75.625
2023-01-08,83.7625,33.512499999999996,163.91666666666666,6.466666666666666,8.491666666666667,50.583333333333336,0.48041666666666666,106.5,0.47500000000000003,98.83333333333333,77.66666666666667
2023-01-09,77.05,35.05416666666667,181.79166666666666,6.633333333333333,11.362499999999999,65.125,0.36791666666666667,82.125,1.075,98.875,69.83333333333333
2023-01-10,101.72500000000001,30.020833333333332,152.125,3.841666666666667,6.079166666666667,61.916666666666664,0.3729166666666666,163.79166666666666,0.975,91.75,76.75
2023-01-11,107.87916666666666,31.829166666666666,154.79166666666666,3.266666666666667,5.4375,61.25,0.26166666666666666,173.875,1.6187500000000001,89.70833333333333,80.29166666666667
2023-01-12,85.80416666666667,27.4875,157.79166666666666,3.170833333333333,4.804166666666666,60.791666666666664,0.2658333333333333,125.08333333333333,1.7041666666666666,91.33333333333333,82.95833333333333
2023-01-13,79.15833333333333,28.6375,181.33333333333334,3.0416666666666665,6.558333333333334,79.83333333333333,0.2091666666666667,100.5,1.7583333333333335,80.45833333333333,71.20833333333333
2023-01-14,78.00833333333334,31.59583333333333,170.95833333333334,3.4250000000000003,7.379166666666666,77.375,0.21208333333333332,94.79166666666667,1.6979166666666667,86.79166666666667,68.875
2023-01-15,90.15416666666665,34.979166666666664,162.25,4.004166666666666,7.316666666666666,62.833333333333336,0.22083333333333333,117.70833333333333,1.7354166666666666,97.20833333333333,75.04166666666667
2023-01-16,81.93333333333332,34.07083333333333,189.58333333333334,4.358333333333333,9.966666666666667,75.0,0.3475,98.45833333333333,1.2645833333333334,96.125,73.25
2023-01-17,85.1375,29.71666666666667,169.25,4.2625,6.595833333333334,53.291666666666664,0.18666666666666668,121.66666666666667,1.7645833333333334,93.75,73.20833333333333
2023-01-18,83.38333333333334,27.037499999999998,156.66666666666666,3.720833333333333,4.958333333333333,53.5,0.19291666666666665,123.66666666666667,1.4104166666666667,86.375,75.25
2023-01-19,75.82083333333334,24.416666666666668,156.41666666666666,2.7083333333333335,4.125,63.708333333333336,0.15541666666666668,103.54166666666667,1.8645833333333333,79.45833333333333,72.0
2023-01-20,62.92916666666667,19.229166666666668,145.04166666666666,1.8333333333333333,3.6166666666666667,71.54166666666667,0.17375,84.875,1.8187499999999999,71.91666666666667,67.66666666666667
2023-01-21,58.80416666666667,17.991666666666667,126.875,1.2708333333333333,2.5124999999999997,79.16666666666667,0.11583333333333333,75.83333333333333,1.8625,64.20833333333333,63.541666666666664
2023-01-22,50.87916666666666,19.229166666666668,143.20833333333334,2.191666666666667,4.404166666666667,75.75,0.08708333333333333,55.291666666666664,1.9625000000000001,63.0,62.041666666666664
2023-01-23,57.93333333333334,22.1875,152.375,2.891666666666667,5.808333333333334,63.375,0.13,68.54166666666667,1.9645833333333333,67.125,60.666666666666664
2023-01-24,67.57916666666667,23.304166666666664,167.75,3.8125,8.041666666666666,68.08333333333333,0.2529166666666667,93.41666666666667,1.7541666666666667,73.16666666666667,65.875
2023-01-25,50.949999999999996,19.570833333333333,151.83333333333334,3.654166666666667,7.4750000000000005,64.54166666666667,0.28291666666666665,61.958333333333336,1.6604166666666667,71.79166666666667,64.375
2023-01-26,43.275,22.641666666666666,170.91666666666666,3.1041666666666665,6.479166666666667,70.16666666666667,0.34,28.291666666666668,1.7,67.875,52.666666666666664
2023-01-27,80.10000000000001,28.733333333333334,178.0,3.141666666666667,4.808333333333333,61.625,0.23,105.33333333333333,1.8875000000000002,76.91666666666667,60.333333333333336
2023-01-28,99.65416666666665,30.008333333333336,161.20833333333334,2.8791666666666664,4.345833333333333,65.54166666666667,0.14958333333333335,151.91666666666666,2.03125,89.29166666666667,78.20833333333333
2023-01-29,100.45,24.8625,168.91666666666666,2.6958333333333333,4.629166666666666,78.16666666666667,0.14625000000000002,164.625,1.98125,86.16666666666667,84.125
2023-01-30,75.05,23.045833333333334,161.58333333333334,2.654166666666667,5.141666666666667,80.25,0.14083333333333334,103.54166666666667,1.95,72.79166666666667,72.41666666666667
2023-01-31,89.24166666666667,25.8625,163.0,3.025,5.629166666666666,70.20833333333333,0.12375000000000001,131.08333333333334,1.9833333333333334,77.08333333333333,73.5
2023-02-01,63.37083333333334,22.97083333333333,161.79166666666666,2.4916666666666667,4.233333333333333,62.708333333333336,0.09875,75.5,1.991666666666667,75.0,68.58333333333333
2023-02-02,64.94166666666666,25.254166666666666,161.58333333333334,2.6083333333333334,3.9583333333333335,60.166666666666664,0.11291666666666667,73.54166666666667,2.033333333333333,76.66666666666667,65.95833333333333
2023-02-03,79.44583333333334,31.316666666666666,188.41666666666666,2.7916666666666665,4.870833333333334,68.16666666666667,0.16666666666666666,96.125,1.8833333333333335,83.25,68.0
2023-02-04,96.40416666666665,30.349999999999998,178.08333333333334,2.733333333333333,5.291666666666667,74.66666666666667,0.27958333333333335,143.25,1.7604166666666667,90.25,75.54166666666667
2023-02-05,108.91666666666667,33.233333333333334,175.16666666666666,2.379166666666667,4.645833333333333,75.04166666666667,0.335,164.79166666666666,1.7416666666666665,91.54166666666667,81.79166666666667
2023-02-06,112.0,35.045833333333334,163.95833333333334,1.8375000000000001,3.3249999999999997,71.70833333333333,0.42083333333333334,164.29166666666666,1.6541666666666668,98.29166666666667,85.79166666666667
2023-02-07,99.97916666666667,31.045833333333334,151.20833333333334,2.220833333333333,3.408333333333333,68.33333333333333,0.49833333333333335,145.5,1.6270833333333332,93.83333333333333,78.29166666666667
2023-02-08,118.62916666666666,34.041666666666664,171.79166666666666,2.4541666666666666,4.345833333333333,70.45833333333333,0.7016666666666667,190.125,1.4145833333333335,94.08333333333333,87.95833333333333
2023-02-09,106.98333333333333,38.233333333333334,191.95833333333334,2.4125,3.9916666666666667,74.58333333333333,0.60375,138.79166666666666,1.5520833333333333,101.625,84.125
2023-02-10,65.40416666666667,27.270833333333332,217.79166666666666,1.6666666666666667,2.7458333333333336,90.25,0.5325,58.958333333333336,1.7520833333333334,96.0,73.83333333333333
2023-02-11,146.0375,39.608333333333334,172.70833333333334,2.5083333333333333,4.5375000000000005,68.875,0.46374999999999994,241.70833333333334,1.7520833333333332,96.125,85.125
2023-02-12,63.645833333333336,27.0625,167.83333333333334,2.029166666666667,3.5500000000000003,69.66666666666667,0.47500000000000003,62.625,1.6083333333333334,94.66666666666667,78.41666666666667
2023-02-13,67.35000000000001,35.07083333333333,197.95833333333334,1.6875,2.5166666666666666,77.125,0.5975,43.458333333333336,1.4916666666666665,89.08333333333333,65.25
2023-02-14,76.39999999999999,33.025,191.08333333333334,1.7958333333333334,2.670833333333333,72.66666666666667,0.5008333333333334,79.125,1.6395833333333334,102.625,73.0
2023-02-15,81.08333333333333,34.079166666666666,158.625,2.0749999999999997,3.125,58.0,0.7454166666666667,91.58333333333333,1.2833333333333334,89.375,66.25
2023-02-16,139.29583333333332,50.81666666666666,158.29166666666666,2.308333333333333,3.4499999999999997,54.708333333333336,0.7883333333333332,196.125,1.4541666666666666,116.875,83.91666666666667
2023-02-17,120.00416666666666,37.329166666666666,157.16666666666666,2.120833333333333,3.4333333333333336,75.375,0.7125,179.04166666666666,1.5270833333333333,128.75,96.58333333333333
2023-02-18,83.19583333333334,29.008333333333336,155.79166666666666,1.9583333333333333,3.225,74.875,0.5650000000000001,110.29166666666667,1.66875,92.5,78.91666666666667
2023-02-19,87.3125,38.550000000000004,174.375,2.3958333333333335,3.775,65.45833333333333,1.15875,95.33333333333333,1.16875,97.75,73.54166666666667
2023-02-20,86.87916666666666,36.7875,185.66666666666666,2.3833333333333333,4.491666666666666,69.16666666666667,0.8566666666666668,100.33333333333333,1.5020833333333332,103.54166666666667,74.66666666666667
2023-02-21,77.70416666666667,28.441666666666666,148.70833333333334,1.9375,3.1291666666666664,69.95833333333333,0.8358333333333333,93.83333333333333,1.6145833333333333,94.20833333333333,70.33333333333333
2023-02-22,115.80000000000001,37.775,152.625,2.0875,3.1791666666666667,74.5,0.635,168.875,1.7333333333333334,99.33333333333333,87.25
2023-02-23,52.45416666666667,27.5,142.04166666666666,1.8125,3.091666666666667,77.41666666666667,0.5825,33.541666666666664,1.8729166666666668,90.79166666666667,68.33333333333333
2023-02-24,84.24166666666666,33.96666666666667,146.5,2.066666666666667,3.4416666666666664,68.54166666666667,0.4770833333333333,98.95833333333333,1.9854166666666666,88.29166666666667,66.91666666666667
2023-02-25,58.97083333333333,23.858333333333334,144.0,2.120833333333333,3.704166666666667,69.41666666666667,0.47500000000000003,63.875,2.075,89.29166666666667,70.33333333333333
2023-02-26,47.1625,16.433333333333334,133.5,2.1708333333333334,4.058333333333334,68.625,0.5195833333333334,56.208333333333336,2.0229166666666667,66.375,60.291666666666664
2023-02-27,52.86666666666667,17.608333333333334,142.79166666666666,2.3625000000000003,3.9375,67.75,0.30375,65.58333333333333,2.2583333333333333,58.0,47.75
2023-02-28,72.78333333333333,21.337500000000002,152.58333333333334,2.5291666666666663,4.291666666666667,66.58333333333333,0.3166666666666667,106.375,2.275,66.91666666666667,66.95833333333333
2023-03-01,73.19166666666666,21.766666666666666,173.66666666666666,2.558333333333333,5.466666666666666,83.875,0.33666666666666667,107.5,2.3416666666666663,71.54166666666667,71.125
2023-03-02,68.47083333333333,21.195833333333333,166.5,2.3958333333333335,4.766666666666667,81.29166666666667,0.21541666666666667,96.83333333333333,2.5479166666666666,69.66666666666667,67.70833333333333
2023-03-03,62.42916666666667,20.1375,145.5,2.2708333333333335,3.954166666666667,76.20833333333333,0.15416666666666667,85.08333333333333,2.6354166666666665,70.0,67.20833333333333
2023-03-04,63.583333333333336,23.429166666666664,166.58333333333334,2.795833333333333,4.8,75.20833333333333,0.19791666666666666,74.33333333333333,2.5187500000000003,68.41666666666667,63.458333333333336
2023-03-05,62.48333333333333,22.945833333333336,152.95833333333334,2.5541666666666667,5.2,70.20833333333333,0.3458333333333334,75.33333333333333,2.2937499999999997,74.75,65.91666666666667
2023-03-06,55.050000000000004,23.28333333333333,163.33333333333334,2.4250000000000003,5.283333333333333,65.70833333333333,0.41250000000000003,56.541666666666664,1.9770833333333335,71.75,61.875
2023-03-07,48.73333333333333,19.9375,170.0,2.9791666666666665,5.141666666666667,63.5,0.25125000000000003,50.0,2.4229166666666666,72.91666666666667,61.75
2023-03-08,44.725,19.962500000000002,192.875,3.4291666666666667,5.845833333333334,70.125,0.17666666666666667,36.208333333333336,2.558333333333333,65.25,49.833333333333336
2023-03-09,50.92083333333333,19.295833333333334,186.75,2.9291666666666667,5.041666666666667,70.45833333333333,0.14708333333333334,56.0,2.6270833333333337,66.91666666666667,57.916666666666664
2023-03-10,41.4,19.25,157.83333333333334,2.891666666666667,5.566666666666666,78.33333333333333,0.15333333333333335,30.375,2.5770833333333334,65.20833333333333,51.708333333333336
2023-03-11,52.26666666666667,20.9125,158.16666666666666,2.8541666666666665,4.779166666666667,66.70833333333333,0.24291666666666667,54.791666666666664,2.4875000000000003,68.41666666666667,57.875
2023-03-12,59.012499999999996,20.599999999999998,146.04166666666666,2.3000000000000003,4.9125000000000005,71.20833333333333,0.19000000000000003,72.25,2.5437499999999997,67.70833333333333,61.208333333333336
2023-03-13,74.46249999999999,23.958333333333332,144.25,2.529166666666667,4.841666666666667,73.58333333333333,0.40208333333333335,104.20833333333333,2.1479166666666667,72.04166666666667,66.91666666666667
2023-03-14,60.42083333333333,23.045833333333334,156.375,2.6875,5.2625,76.91666666666667,0.40458333333333335,69.95833333333333,2.254166666666667,74.04166666666667,66.54166666666667
2023-03-15,76.37916666666666,30.458333333333332,181.79166666666666,2.9125,4.5874999999999995,79.79166666666667,0.44250000000000006,84.08333333333333,2.1999999999999997,73.29166666666667,65.5
2023-03-16,62.0875,21.75,138.33333333333334,2.379166666666667,5.629166666666666,68.16666666666667,0.5170833333333333,80.91666666666667,1.9500000000000002,87.16666666666667,68.83333333333333
2023-03-17,63.12916666666666,23.099999999999998,140.5,2.716666666666667,5.433333333333334,73.41666666666667,0.5141666666666667,76.0,2.1625,72.54166666666667,65.91666666666667
2023-03-18,41.079166666666666,16.354166666666668,146.16666666666666,2.283333333333333,4.575,83.83333333333333,0.29291666666666666,41.166666666666664,2.466666666666667,67.20833333333333,54.625
2023-03-19,83.22916666666667,24.337500000000002,134.04166666666666,2.3000000000000003,3.9625,69.375,0.27625,128.25,2.43125,65.79166666666667,62.958333333333336
2023-03-20,82.45833333333333,28.1875,164.375,2.433333333333333,4.604166666666667,75.83333333333333,0.2758333333333333,111.29166666666667,2.41875,82.91666666666667,73.66666666666667
2023-03-21,36.204166666666666,16.870833333333334,162.625,2.529166666666667,4.316666666666666,84.0,0.18083333333333332,24.041666666666668,2.6354166666666665,72.91666666666667,63.0
2023-03-22,27.599999999999998,14.829166666666666,138.625,2.0416666666666665,3.9333333333333336,85.95833333333333,0.2658333333333333,4.75,2.525,57.791666666666664,34.875
2023-03-23,22.0,12.408333333333333,134.95833333333334,2.3583333333333334,5.083333333333333,79.33333333333333,0.20750000000000002,0.08333333333333333,2.5125,54.0,31.666666666666668
2023-03-24,28.53333333333333,13.541666666666666,139.66666666666666,2.4583333333333335,5.054166666666666,80.20833333333333,0.14791666666666667,14.208333333333334,2.6437500000000003,50.625,32.083333333333336
2023-03-25,38.795833333333334,15.766666666666666,153.375,2.5,4.5874999999999995,77.16666666666667,0.32583333333333336,35.083333333333336,2.3000000000000003,55.166666666666664,33.75
2023-03-26,70.72500000000001,24.616666666666664,169.95833333333334,2.3375,4.383333333333334,80.20833333333333,0.37333333333333335,90.54166666666667,2.275,65.45833333333333,58.333333333333336
2023-03-27,55.975,22.90833333333333,175.08333333333334,2.558333333333333,4.508333333333334,73.54166666666667,0.36125,58.958333333333336,2.433333333333333,79.125,66.79166666666667
2023-03-28,52.71666666666667,19.766666666666666,165.41666666666666,2.5208333333333335,4.583333333333333,73.83333333333333,0.30375,61.166666666666664,2.5125,66.375,57.708333333333336
2023-03-29,40.987500000000004,17.829166666666666,155.95833333333334,2.6750000000000003,4.104166666666667,71.125,0.32416666666666666,35.125,2.470833333333333,67.41666666666667,57.5
2023-03-30,49.07083333333333,19.066666666666666,155.79166666666666,2.3000000000000003,5.183333333333334,83.29166666666667,0.36166666666666664,51.041666666666664,2.3604166666666666,62.041666666666664,45.458333333333336
2023-03-31,71.71666666666667,27.1375,167.75,2.2791666666666663,5.383333333333333,80.08333333333333,0.42791666666666667,84.25,2.15,70.58333333333333,63.375
2023-04-01,93.07083333333333,31.275000000000002,201.83333333333334,2.8041666666666667,8.641666666666667,87.20833333333333,0.6179166666666667,130.91666666666666,1.9833333333333334,90.375,74.70833333333333
2023-04-02,92.46666666666665,27.150000000000002,170.91666666666666,2.345833333333333,5.533333333333332,86.41666666666667,0.63125,142.875,1.9645833333333333,86.45833333333333,76.5
2023-04-03,72.84166666666667,21.383333333333336,148.0,2.6791666666666667,6.008333333333333,67.20833333333333,0.58875,114.5,2.15,76.91666666666667,73.83333333333333
2023-04-04,72.42916666666666,24.3125,152.04166666666666,2.2624999999999997,5.445833333333333,68.79166666666667,0.5287499999999999,102.58333333333333,2.225,68.625,65.5
2023-04-05,111.10833333333333,31.479166666666668,145.20833333333334,2.4666666666666663,4.933333333333334,74.5,0.4766666666666666,179.0,2.3354166666666667,83.54166666666667,75.25
2023-04-06,106.8625,26.979166666666668,153.54166666666666,2.191666666666667,3.9958333333333336,79.45833333333333,0.36874999999999997,182.375,2.433333333333333,90.33333333333333,88.08333333333333
2023-04-07,85.64166666666667,23.8625,146.0,2.4625,4.8625,83.875,0.4145833333333333,129.58333333333334,2.5625,80.25,80.25
2023-04-08,55.85,22.691666666666666,146.16666666666666,2.0458333333333334,3.8541666666666665,92.08333333333333,0.4375,51.625,2.3604166666666666,74.08333333333333,67.41666666666667
2023-04-09,38.954166666666666,18.966666666666665,131.45833333333334,1.9124999999999999,3.4583333333333335,86.79166666666667,0.4270833333333333,15.083333333333334,2.5520833333333335,68.125,50.666666666666664
2023-04-10,34.15833333333333,18.900000000000002,128.45833333333334,1.8875,3.525,90.04166666666667,0.41250000000000003,3.75,2.4166666666666665,63.875,38.041666666666664
2023-04-11,41.420833333333334,22.462500000000002,166.375,2.433333333333333,5.1499999999999995,93.375,0.6304166666666667,17.708333333333332,1.7729166666666665,67.95833333333333,43.75
2023-04-12,46.1,25.295833333333334,178.08333333333334,2.441666666666667,4.733333333333333,88.75,0.6891666666666666,23.291666666666668,1.925,75.16666666666667,55.166666666666664
2023-04-13,47.24583333333334,24.729166666666668,173.625,2.6041666666666665,4.5,82.33333333333333,0.58375,28.833333333333332,2.19375,79.04166666666667,60.25
2023-04-14,44.98333333333333,22.804166666666664,188.33333333333334,2.091666666666667,3.875,81.41666666666667,0.4945833333333333,24.25,2.4270833333333335,76.66666666666667,58.291666666666664
2023-04-15,44.30416666666667,21.40416666666667,180.875,1.8916666666666666,3.3541666666666665,75.91666666666667,0.4254166666666667,26.5,2.625,69.5,46.5
2023-04-16,63.59583333333333,23.15416666666667,182.70833333333334,2.066666666666667,3.779166666666667,75.66666666666667,0.3804166666666667,72.45833333333333,2.5708333333333333,73.0,60.041666666666664
2023-04-17,35.90416666666667,18.529166666666665,154.04166666666666,2.029166666666667,3.4416666666666664,79.66666666666667,0.28625,13.041666666666666,2.6333333333333333,68.41666666666667,53.083333333333336
2023-04-18,30.916666666666668,16.695833333333333,140.33333333333334,1.6291666666666667,3.2083333333333335,76.70833333333333,0.34874999999999995,7.291666666666667,2.5416666666666665,62.458333333333336,35.791666666666664
2023-04-19,26.275000000000002,13.895833333333334,134.75,1.7666666666666666,3.295833333333333,70.66666666666667,0.34958333333333336,5.458333333333333,2.410416666666667,57.0,30.875
2023-04-20,40.78333333333333,15.620833333333332,133.79166666666666,1.8875,3.5500000000000003,82.0,0.2804166666666667,36.125,2.702083333333333,54.666666666666664,34.916666666666664
2023-04-21,32.75416666666667,17.325,127.29166666666667,2.0416666666666665,3.9166666666666665,81.58333333333333,0.3,7.166666666666667,2.472916666666667,59.583333333333336,36.541666666666664
2023-04-22,29.1375,14.858333333333334,148.45833333333334,2.225,4.266666666666667,78.95833333333333,0.28250000000000003,11.333333333333334,2.775,58.791666666666664,33.125
2023-04-23,34.22083333333334,14.233333333333334,143.16666666666666,2.75,4.508333333333334,71.375,0.19291666666666665,25.833333333333332,2.9770833333333333,55.208333333333336,31.333333333333332
2023-04-24,43.51666666666667,15.0625,145.54166666666666,2.8083333333333336,4.991666666666666,66.625,0.22083333333333333,52.291666666666664,2.7312499999999997,56.0,41.25
2023-04-25,41.295833333333334,16.224999999999998,150.58333333333334,2.2624999999999997,4.729166666666667,74.54166666666667,0.2325,40.625,2.827083333333333,57.541666666666664,46.875
2023-04-26,29.429166666666664,14.133333333333333,153.95833333333334,2.0625,4.158333333333333,83.0,0.24375,15.708333333333334,2.7916666666666665,56.583333333333336,36.75
2023-04-27,23.366666666666664,12.608333333333334,147.54166666666666,2.2958333333333334,4.054166666666666,79.83333333333333,0.23333333333333336,4.541666666666667,2.7916666666666665,53.458333333333336,31.916666666666668
2023-04-28,26.6875,14.391666666666666,157.70833333333334,2.154166666666667,4.004166666666666,82.41666666666667,0.24458333333333335,5.166666666666667,2.84375,52.875,33.0
2023-04-29,39.4625,18.275000000000002,162.375,2.0500000000000003,5.2250000000000005,79.41666666666667,0.25708333333333333,23.583333333333332,2.7854166666666664,59.166666666666664,34.333333333333336
2023-04-30,43.92916666666667,20.295833333333334,149.45833333333334,2.1958333333333333,4.541666666666667,64.875,0.28583333333333333,31.791666666666668,2.6625,67.29166666666667,48.208333333333336
2023-05-01,33.0875,14.200000000000001,129.375,2.3958333333333335,4.904166666666667,61.916666666666664,0.32166666666666666,30.458333333333332,2.5187500000000003,59.708333333333336,36.5
2023-05-02,30.72083333333333,12.379166666666668,145.0,3.966666666666667,8.679166666666667,53.333333333333336,0.3204166666666667,32.833333333333336,2.379166666666667,53.291666666666664,32.166666666666664
2023-05-03,52.791666666666664,20.212500000000002,171.79166666666666,3.9583333333333335,7.691666666666666,64.04166666666667,0.3204166666666667,60.708333333333336,2.0854166666666667,55.25,43.25
2023-05-04,68.33749999999999,23.087500000000002,147.79166666666666,2.9416666666666664,6.108333333333333,65.29166666666667,0.31583333333333335,88.70833333333333,2.525,69.91666666666667,63.125
2023-05-05,95.07083333333333,27.087500000000002,131.83333333333334,2.3583333333333334,3.966666666666667,55.541666666666664,0.3925,143.625,2.527083333333333,81.875,75.41666666666667
2023-05-06,64.29166666666667,17.787499999999998,122.45833333333333,2.2875,4.375,78.125,0.3204166666666667,91.375,2.6354166666666665,72.125,72.04166666666667
2023-05-07,77.65833333333333,20.658333333333335,142.08333333333334,2.7083333333333335,5.075,82.54166666666667,0.2733333333333334,120.66666666666667,2.2395833333333335,61.875,64.95833333333333
2023-05-08,101.20416666666667,29.683333333333334,155.95833333333334,2.5416666666666665,5.416666666666667,74.875,0.3179166666666667,156.5,2.3958333333333335,80.95833333333333,79.08333333333333
2023-05-09,64.80833333333334,18.279166666666665,151.91666666666666,3.254166666666667,6.166666666666667,76.83333333333333,0.45166666666666666,97.95833333333333,2.25625,76.79166666666667,73.58333333333333
2023-05-10,48.512499999999996,16.7375,162.08333333333334,3.8375,6.479166666666667,73.16666666666667,0.3833333333333333,59.833333333333336,2.2583333333333333,60.75,62.75
2023-05-11,34.604166666666664,16.466666666666665,145.91666666666666,2.6,5.4375,88.5,0.3125,20.666666666666668,2.529166666666667,59.375,42.833333333333336
2023-05-12,40.574999999999996,19.875,136.20833333333334,2.7083333333333335,4.7,83.20833333333333,0.3441666666666667,22.708333333333332,2.5,62.375,36.791666666666664
2023-05-13,41.06666666666667,20.058333333333334,141.25,2.3666666666666667,5.854166666666667,89.0,0.4483333333333333,22.375,2.3875,69.375,46.291666666666664
2023-05-14,36.9,17.775000000000002,142.79166666666666,1.9458333333333335,4.8875,92.375,0.45125,22.5,2.410416666666667,63.458333333333336,40.5
2023-05-15,36.99166666666667,17.979166666666668,137.29166666666666,2.183333333333333,4.104166666666667,82.29166666666667,0.41583333333333333,21.541666666666668,2.5729166666666665,61.541666666666664,36.625
2023-05-16,28.71666666666667,15.725,128.5,1.9625000000000001,3.9291666666666667,81.08333333333333,0.3354166666666667,5.083333333333333,2.68125,60.958333333333336,34.75
2023-05-17,34.34583333333333,16.320833333333333,136.41666666666666,2.345833333333333,4.345833333333333,87.45833333333333,0.36041666666666666,17.625,2.6062499999999997,58.5,34.916666666666664
2023-05-18,55.25416666666666,19.349999999999998,142.95833333333334,2.4791666666666665,4.3125,80.58333333333333,0.43416666666666665,65.875,2.433333333333333,60.666666666666664,44.791666666666664
2023-05-19,80.02916666666667,22.008333333333336,140.20833333333334,2.6875,4.4125000000000005,70.75,0.43041666666666667,125.41666666666667,2.39375,68.625,66.70833333333333
2023-05-20,71.89583333333333,21.47083333333333,147.91666666666666,2.7458333333333336,4.55,76.04166666666667,0.3775,104.41666666666667,2.591666666666667,73.95833333333333,74.16666666666667
2023-05-21,51.324999999999996,20.491666666666667,172.83333333333334,3.0625,7.329166666666667,93.29166666666667,0.285,47.833333333333336,2.7729166666666667,68.45833333333333,63.541666666666664
2023-05-22,32.262499999999996,17.779166666666665,150.375,2.308333333333333,4.179166666666666,90.75,0.29041666666666666,4.791666666666667,2.733333333333333,64.79166666666667,45.541666666666664
2023-05-23,34.891666666666666,16.75,141.29166666666666,2.404166666666667,4.445833333333334,89.25,0.3433333333333333,16.041666666666668,2.0124999999999997,61.375,36.625
2023-05-24,55.00416666666666,20.554166666666667,156.66666666666666,2.408333333333333,4.308333333333334,75.83333333333333,0.3333333333333333,60.208333333333336,2.4520833333333334,65.04166666666667,54.5
2023-05-25,66.11666666666666,21.724999999999998,162.29166666666666,2.4625,4.2124999999999995,76.41666666666667,0.55625,82.58333333333333,2.2104166666666667,68.33333333333333,63.25
2023-05-26,98.33749999999999,33.387499999999996,178.04166666666666,2.7291666666666665,6.016666666666667,78.95833333333333,0.6483333333333333,135.875,1.9895833333333333,78.375,69.41666666666667
2023-05-27,118.29166666666667,31.883333333333336,166.20833333333334,2.6958333333333333,4.716666666666667,58.708333333333336,0.5466666666666666,194.58333333333334,2.0395833333333333,94.75,83.16666666666667
2023-05-28,92.625,27.691666666666666,158.45833333333334,2.4166666666666665,3.6958333333333333,60.625,0.5287499999999999,138.875,2.454166666666667,89.83333333333333,84.04166666666667
2023-05-29,83.96666666666667,25.27916666666667,147.0,2.091666666666667,3.8625000000000003,63.458333333333336,0.61875,117.16666666666667,2.2083333333333335,80.41666666666667,73.70833333333333
2023-05-30,126.62083333333334,33.391666666666666,159.625,2.65,5.658333333333334,68.04166666666667,0.6408333333333334,208.20833333333334,2.2125,85.875,84.08333333333333
2023-05-31,64.03333333333333,21.3875,142.66666666666666,2.8166666666666664,4.858333333333333,63.958333333333336,0.5354166666666667,81.70833333333333,2.0729166666666665,88.25,80.83333333333333
2023-06-01,28.1125,13.604166666666666,161.54166666666666,4.8999999999999995,9.1,71.54166666666667,0.4345833333333333,13.541666666666666,2.0104166666666665,61.208333333333336,48.5
2023-06-02,29.683333333333334,12.5625,125.875,1.875,3.970833333333333,67.08333333333333,0.38999999999999996,20.625,2.5166666666666666,51.583333333333336,28.958333333333332
2023-06-03,23.233333333333334,11.375,126.83333333333333,2.1333333333333333,4.075,68.66666666666667,0.3133333333333333,7.25,2.6020833333333333,49.458333333333336,29.75
2023-06-04,20.4875,10.383333333333333,140.0,2.2125,4.55,70.375,0.2041666666666667,4.791666666666667,2.747916666666667,44.875,28.25
2023-06-05,22.087500000000002,11.4,156.41666666666666,2.4125,5.6125,73.0,0.23458333333333334,7.875,2.6437500000000003,43.416666666666664,29.333333333333332
2023-06-06,18.154166666666665,10.2875,143.54166666666666,2.0625,4.6875,55.333333333333336,0.17875,0.875,2.8333333333333335,47.708333333333336,23.708333333333332
2023-06-07,22.59166666666667,10.179166666666667,132.375,2.125,4.820833333333334,53.833333333333336,0.18458333333333332,12.333333333333334,2.783333333333333,40.625,22.458333333333332
2023-06-08,26.1875,13.516666666666666,116.29166666666667,1.9708333333333332,3.158333333333333,37.041666666666664,0.215,6.0,2.7375000000000003,48.916666666666664,25.75
2023-06-09,27.554166666666664,13.941666666666668,127.79166666666667,2.4,3.6125000000000003,42.5,0.3175,6.666666666666667,2.7708333333333335,54.583333333333336,28.416666666666668
2023-06-10,32.61666666666667,13.825000000000001,136.20833333333334,2.6666666666666665,4.533333333333333,58.625,0.35916666666666663,22.0,2.6020833333333333,52.625,27.958333333333332
2023-06-11,42.541666666666664,15.762500000000001,147.79166666666666,3.329166666666667,6.058333333333334,58.75,0.42250000000000004,42.625,2.4916666666666667,55.583333333333336,38.375
2023-06-12,54.09583333333333,19.908333333333335,149.79166666666666,3.3541666666666665,6.625,58.916666666666664,0.4058333333333333,60.5,2.5124999999999997,63.5,59.208333333333336
2023-06-13,35.6875,13.779166666666667,147.45833333333334,3.1333333333333333,6.570833333333333,67.70833333333333,0.42583333333333334,33.416666666666664,2.360416666666667,60.083333333333336,44.625
2023-06-14,21.625,9.525,112.04166666666667,1.625,4.204166666666667,66.5,0.33916666666666667,13.458333333333334,2.475,48.958333333333336,31.75
2023-06-15,31.03333333333333,10.9,113.20833333333333,2.004166666666667,4.358333333333333,66.0,0.32458333333333333,34.708333333333336,2.3520833333333333,39.375,26.75
2023-06-16,44.375,13.875,131.0,2.283333333333333,6.095833333333334,78.54166666666667,0.3329166666666667,60.708333333333336,2.339583333333333,51.791666666666664,41.375
2023-06-17,52.479166666666664,13.829166666666666,111.66666666666667,1.7249999999999999,4.304166666666666,59.333333333333336,0.43124999999999997,83.5,2.45625,53.625,54.166666666666664
2023-06-18,56.28333333333333,14.504166666666668,115.29166666666667,1.6375,3.7458333333333336,61.833333333333336,0.4091666666666667,89.41666666666667,2.3854166666666665,54.333333333333336,62.208333333333336
2023-06-19,80.39583333333333,19.345833333333335,125.04166666666667,2.1958333333333333,6.879166666666666,68.125,0.45,137.375,2.4604166666666667,60.25,67.375
2023-06-20,68.5,19.5625,117.70833333333333,1.3458333333333332,3.141666666666666,62.458333333333336,0.52875,103.20833333333333,2.3000000000000003,65.75,71.70833333333333
2023-06-21,31.741666666666664,18.079166666666666,117.70833333333333,1.4708333333333332,2.6833333333333336,67.16666666666667,0.5241666666666667,3.25,2.433333333333333,65.79166666666667,50.5
2023-06-22,35.96666666666667,16.3625,166.91666666666666,2.1958333333333333,5.2625,79.33333333333333,0.5616666666666666,21.625,2.3333333333333335,60.333333333333336,36.833333333333336
2023-06-23,39.9125,15.570833333333333,129.45833333333334,1.2833333333333334,3.0875,54.291666666666664,0.5704166666666667,40.25,2.2270833333333333,57.875,36.958333333333336
2023-06-24,70.63333333333334,23.483333333333334,120.95833333333333,1.2541666666666667,2.6666666666666665,62.916666666666664,0.6075,90.95833333333333,2.2291666666666665,69.04166666666667,61.958333333333336
2023-06-25,48.9625,18.8125,130.95833333333334,1.7083333333333333,3.5583333333333336,79.25,0.5691666666666667,48.541666666666664,2.125,65.5,64.54166666666667
2023-06-26,49.55833333333334,20.120833333333334,126.625,1.7291666666666667,3.8874999999999997,79.58333333333333,0.5525,45.75,2.24375,68.79166666666667,53.625
2023-06-27,38.57083333333333,18.462500000000002,117.75,1.075,2.0833333333333335,78.54166666666667,0.46458333333333335,22.666666666666668,2.408333333333333,66.45833333333333,48.666666666666664
2023-06-28,54.5625,19.770833333333332,108.45833333333333,0.7208333333333333,0.6666666666666666,76.20833333333333,0.32958333333333334,53.75,2.591666666666667,61.0,44.625
2023-06-29,69.2,21.158333333333335,104.25,0.9874999999999999,1.1916666666666667,73.95833333333333,0.27375,94.16666666666667,2.652083333333333,70.0,65.75
2023-06-30,76.7625,24.650000000000002,106.16666666666667,0.8666666666666667,0.6708333333333333,63.708333333333336,0.3775,109.79166666666667,2.5479166666666666,73.79166666666667,69.58333333333333
2023-07-01,78.91666666666667,26.150000000000002,158.5,1.1375,0.8541666666666666,65.20833333333333,0.37166666666666665,110.0,1.3687500000000001,77.5,71.5
2023-07-02,74.04583333333333,25.7375,167.29166666666666,1.0625,1.2166666666666666,60.5,0.36166666666666664,99.58333333333333,2.4833333333333334,79.79166666666667,69.95833333333333
2023-07-03,79.32916666666667,27.545833333333334,133.25,1.0791666666666666,1.4124999999999999,67.04166666666667,0.3458333333333334,112.04166666666667,2.3958333333333335,81.33333333333333,70.75
2023-07-04,52.44166666666666,21.412499999999998,116.95833333333333,1.0875000000000001,1.175,75.375,0.3179166666666667,61.0,2.6083333333333334,79.04166666666667,67.70833333333333
2023-07-05,60.625,22.4375,119.95833333333333,0.5833333333333334,0.625,70.66666666666667,0.5233333333333333,69.5,2.222916666666667,71.08333333333333,62.375
2023-07-06,68.5875,20.587500000000002,115.20833333333333,0.8416666666666667,0.9625,69.375,0.48833333333333334,97.08333333333333,2.283333333333333,65.04166666666667,61.916666666666664
2023-07-07,66.53333333333333,26.28333333333333,107.08333333333333,1.0333333333333334,1.3083333333333333,61.541666666666664,0.41208333333333336,74.375,2.339583333333333,76.91666666666667,69.29166666666667
2023-07-08,59.44166666666666,22.537499999999998,101.0,0.9708333333333333,1.2416666666666667,59.833333333333336,0.37625,74.25,2.372916666666667,75.95833333333333,64.66666666666667
2023-07-09,115.66250000000001,22.78333333333333,97.08333333333333,0.8624999999999999,0.6708333333333333,69.45833333333333,0.49666666666666665,220.25,2.2416666666666667,73.91666666666667,73.625
2023-07-10,155.07500000000002,32.8875,116.79166666666667,1.0583333333333333,1.575,79.25,0.48875,301.2083333333333,2.33125,92.375,95.91666666666667
2023-07-11,100.98333333333333,23.6875,102.91666666666667,0.625,0.5458333333333333,60.291666666666664,0.4166666666666667,183.25,2.3895833333333334,88.54166666666667,92.58333333333333
2023-07-12,85.3125,20.650000000000002,104.66666666666667,1.0291666666666666,1.0458333333333332,64.33333333333333,0.35041666666666665,153.75,2.5208333333333335,70.08333333333333,76.33333333333333
2023-07-13,86.32916666666667,24.683333333333334,85.70833333333333,1.0,1.0083333333333333,62.833333333333336,0.44208333333333333,140.41666666666666,2.339583333333333,72.0,73.79166666666667
2023-07-14,122.8,32.233333333333334,84.41666666666667,0.7583333333333333,0.5875,56.416666666666664,0.5404166666666667,213.16666666666666,2.0833333333333335,84.83333333333333,81.625
2023-07-15,89.24583333333334,27.258333333333336,111.33333333333333,1.0083333333333333,1.125,62.458333333333336,0.45416666666666666,140.125,2.275,93.91666666666667,87.75
2023-07-16,35.733333333333334,13.725,127.66666666666667,0.7541666666666668,0.6124999999999999,56.5,0.2554166666666667,42.125,2.2666666666666666,61.0,48.291666666666664
2023-07-17,94.75,23.995833333333334,99.83333333333333,0.6791666666666667,0.6333333333333333,60.583333333333336,0.32416666666666666,161.58333333333334,2.433333333333333,67.625,62.708333333333336
2023-07-18,67.95,19.166666666666668,123.95833333333333,1.7166666666666668,3.433333333333333,86.91666666666667,0.28875,109.625,1.8604166666666666,67.79166666666667,73.58333333333333
2023-07-19,20.0625,11.25,133.16666666666666,2.0625,4.091666666666667,81.83333333333333,0.15416666666666667,12.625,2.59375,59.625,49.875
2023-07-20,15.9625,9.495833333333334,129.08333333333334,1.4875,2.3208333333333333,62.416666666666664,0.20333333333333334,3.75,1.2541666666666667,39.208333333333336,25.458333333333332
2023-07-21,49.38333333333333,20.295833333333334,118.66666666666667,0.8708333333333332,0.7958333333333333,62.125,0.44,55.291666666666664,2.4187499999999997,52.916666666666664,30.708333333333332
2023-07-22,60.916666666666664,23.695833333333336,107.79166666666667,0.7541666666666665,0.9458333333333333,71.04166666666667,0.44,65.16666666666667,2.372916666666667,75.95833333333333,64.70833333333333
2023-07-23,72.32916666666667,24.7375,103.54166666666667,1.2750000000000001,2.254166666666667,69.29166666666667,0.35708333333333336,102.5,2.4458333333333333,71.875,65.0
2023-07-24,28.016666666666666,14.004166666666668,140.41666666666666,2.0541666666666667,3.9125,68.83333333333333,0.3075,22.958333333333332,2.1958333333333333,69.20833333333333,56.875
2023-07-25,8.875,5.116666666666666,139.79166666666666,1.6916666666666667,2.766666666666666,55.625,0.12416666666666666,1.0416666666666667,2.533333333333333,39.958333333333336,24.625
2023-07-26,16.158333333333335,8.5375,145.20833333333334,1.55,3.0375,60.666666666666664,0.3125,3.9583333333333335,2.3125,30.166666666666668,24.208333333333332
2023-07-27,63.85833333333333,19.295833333333334,119.29166666666667,0.7374999999999999,0.6875,59.958333333333336,0.6020833333333334,98.70833333333333,2.1166666666666667,48.125,32.958333333333336
2023-07-28,239.8125,40.420833333333334,125.20833333333333,0.725,0.875,70.5,0.6537499999999999,501.9166666666667,1.9854166666666666,96.33333333333333,97.625
2023-07-29,188.36249999999998,38.87916666666667,126.5,2.1333333333333333,4.529166666666667,64.70833333333333,0.41583333333333333,376.0,2.154166666666667,148.20833333333334,140.5
2023-07-30,30.5125,12.895833333333334,100.04166666666667,1.1291666666666667,1.4124999999999999,49.625,0.22041666666666668,29.833333333333332,2.152083333333333,77.625,72.875
2023-07-31,70.04166666666667,28.09166666666667,115.375,0.6708333333333334,0.5791666666666667,53.041666666666664,0.30791666666666667,95.58333333333333,2.1770833333333335,64.66666666666667,46.375
2023-08-01,57.675000000000004,20.925,119.79166666666667,0.6041666666666666,0.5041666666666667,53.875,0.31666666666666665,81.70833333333333,2.2979166666666666,77.29166666666667,65.33333333333333
2023-08-02,65.64999999999999,20.079166666666666,118.5,0.6875,0.7833333333333333,52.0,0.40375,100.79166666666667,2.4083333333333337,70.04166666666667,65.66666666666667
2023-08-03,72.1125,21.608333333333334,105.58333333333333,0.8666666666666667,1.1333333333333333,53.291666666666664,0.44375000000000003,113.95833333333333,2.2333333333333334,68.70833333333333,68.29166666666667
2023-08-04,37.300000000000004,12.75,94.70833333333333,0.7333333333333334,0.7916666666666666,52.083333333333336,0.395,51.083333333333336,2.3375,63.333333333333336,60.833333333333336
2023-08-05,89.10000000000001,28.875,100.41666666666667,0.6541666666666667,0.6041666666666666,51.583333333333336,0.5245833333333333,136.75,2.2875,59.208333333333336,46.916666666666664
2023-08-06,110.16666666666667,31.558333333333334,99.91666666666667,0.7583333333333333,0.6666666666666666,48.958333333333336,0.5125000000000001,188.75,2.154166666666667,97.875,85.5
2023-08-07,81.96666666666667,23.804166666666664,122.125,0.7000000000000001,0.6749999999999999,59.625,0.5358333333333333,128.125,2.09375,83.33333333333333,78.91666666666667
2023-08-08,39.225,15.541666666666666,134.75,0.6333333333333333,0.7333333333333334,71.04166666666667,0.3825,33.125,2.4854166666666666,63.916666666666664,60.0
2023-08-09,41.291666666666664,20.445833333333333,135.79166666666666,0.6666666666666666,0.8166666666666668,76.91666666666667,0.4083333333333334,16.541666666666668,2.4250000000000003,62.916666666666664,38.208333333333336
2023-08-10,89.375,19.420833333333334,132.41666666666666,0.6208333333333333,0.7208333333333333,75.5,0.39166666666666666,153.91666666666666,2.441666666666667,66.66666666666667,63.791666666666664
2023-08-11,60.25,16.037499999999998,123.41666666666667,0.6875,0.7875,66.16666666666667,0.32166666666666666,93.5,2.620833333333333,65.29166666666667,72.41666666666667
2023-08-12,46.67083333333333,15.870833333333332,124.5,1.2083333333333333,2.4791666666666665,69.20833333333333,0.29875,60.625,2.183333333333333,56.291666666666664,57.0
2023-08-13,33.88333333333333,14.558333333333332,151.70833333333334,1.8083333333333333,4.041666666666667,88.45833333333333,0.26416666666666666,35.0,2.4,59.666666666666664,48.791666666666664
2023-08-14,20.441666666666666,9.895833333333334,125.45833333333333,0.7666666666666666,0.6583333333333333,58.541666666666664,0.2625,13.208333333333334,2.375,49.5,26.416666666666668
2023-08-15,17.533333333333335,8.383333333333333,119.125,0.6791666666666667,0.37083333333333335,42.083333333333336,0.30041666666666667,5.875,1.5208333333333333,38.625,18.875
2023-08-16,9.554166666666667,4.625,129.625,2.4791666666666665,3.5708333333333333,50.833333333333336,0.10583333333333333,6.083333333333333,1.3333333333333333,30.541666666666668,20.666666666666668
2023-08-17,12.845833333333333,6.833333333333333,118.95833333333333,0.8833333333333333,0.7791666666666667,41.458333333333336,0.09541666666666666,0.0,1.7562499999999999,22.083333333333332,16.416666666666668
2023-08-18,16.537499999999998,8.725,104.54166666666667,0.5750000000000001,0.375,41.791666666666664,0.16375,1.0,2.4499999999999997,31.541666666666668,16.875
2023-08-19,31.429166666666664,13.795833333333334,126.95833333333333,1.5208333333333333,1.3791666666666667,52.375,0.19166666666666665,31.083333333333332,0.8583333333333334,48.125,25.875
2023-08-20,9.254166666666666,5.604166666666667,145.91666666666666,1.6375,1.9416666666666667,50.333333333333336,0.12958333333333333,0.75,2.15625,38.833333333333336,24.041666666666668
2023-08-21,11.454166666666666,6.195833333333333,102.625,1.0791666666666666,1.3541666666666667,41.458333333333336,0.16958333333333334,0.16666666666666666,2.65625,25.083333333333332,16.5
2023-08-22,8.883333333333333,4.6000000000000005,104.875,0.8083333333333332,0.7083333333333334,39.375,0.24083333333333334,1.3333333333333333,2.6125,22.916666666666668,15.833333333333334
2023-08-23,29.608333333333334,10.133333333333333,110.5,0.7916666666666666,0.8666666666666667,49.708333333333336,0.2725,35.208333333333336,2.6666666666666665,28.208333333333332,21.041666666666668
2023-08-24,38.425000000000004,12.4375,112.16666666666667,1.5083333333333335,2.6416666666666666,65.20833333333333,0.21416666666666664,52.708333333333336,2.2291666666666665,48.125,35.875
2023-08-25,27.370833333333334,12.0625,137.29166666666666,2.4125,6.3125,82.16666666666667,0.22416666666666665,26.458333333333332,2.56875,56.083333333333336,43.625
2023-08-26,14.262500000000001,7.116666666666667,118.04166666666667,1.0166666666666668,1.2916666666666667,63.375,0.25458333333333333,8.458333333333334,2.504166666666667,41.916666666666664,26.083333333333332
2023-08-27,31.1875,12.083333333333334,117.66666666666667,0.5625,0.425,51.833333333333336,0.48583333333333334,30.958333333333332,2.1645833333333333,34.791666666666664,22.583333333333332
2023-08-28,67.85000000000001,18.7375,116.875,0.7208333333333333,0.5166666666666667,49.041666666666664,0.5454166666666667,101.16666666666667,1.1354166666666667,60.875,58.291666666666664
2023-08-29,54.02916666666667,20.2625,109.45833333333333,1.0833333333333333,0.8375,47.916666666666664,0.3358333333333334,64.125,1.8375000000000001,67.16666666666667,65.125
2023-08-30,21.820833333333336,9.924999999999999,118.45833333333333,1.0416666666666667,1.075,42.125,0.19958333333333333,15.291666666666666,2.00625,54.625,36.75
2023-08-31,17.966666666666665,8.895833333333334,131.625,1.0041666666666667,0.9291666666666667,38.0,0.13875,6.833333333333333,1.9395833333333332,37.708333333333336,19.125
2023-09-01,19.783333333333335,9.75,128.83333333333334,0.6416666666666667,0.5416666666666666,34.833333333333336,0.35833333333333334,11.625,2.1062499999999997,38.125,18.583333333333332
2023-09-02,23.704166666666666,7.845833333333334,115.04166666666667,0.8125,0.6375000000000001,41.916666666666664,0.43583333333333335,26.083333333333332,2.2375000000000003,36.0,19.666666666666668
2023-09-03,80.64999999999999,18.045833333333334,102.70833333333333,0.8291666666666666,0.6458333333333334,45.75,0.46291666666666664,147.66666666666666,2.2125,49.625,52.0
2023-09-04,119.77083333333333,28.78333333333333,100.08333333333333,0.7458333333333332,0.5625,47.291666666666664,0.505,218.625,2.089583333333333,72.41666666666667,78.45833333333333
2023-09-05,82.22916666666667,18.816666666666666,115.20833333333333,1.4958333333333333,1.6291666666666667,64.41666666666667,0.32583333333333336,149.75,1.1895833333333334,81.33333333333333,86.625
2023-09-06,24.84583333333333,13.470833333333333,137.45833333333334,1.6916666666666667,2.2041666666666666,50.875,0.14125000000000001,14.583333333333334,2.25625,58.458333333333336,49.791666666666664
2023-09-07,18.354166666666668,10.4,127.91666666666667,1.1,1.6458333333333333,47.75,0.15791666666666668,0.5416666666666666,2.6458333333333335,47.666666666666664,23.666666666666668
2023-09-08,19.95,9.170833333333333,127.79166666666667,1.9416666666666667,1.925,50.791666666666664,0.24208333333333332,14.666666666666666,1.1187500000000001,37.375,21.333333333333332
2023-09-09,45.51666666666667,14.3375,111.70833333333333,1.1166666666666667,0.9874999999999999,54.5,0.29125,64.5,2.4166666666666665,48.125,31.416666666666668
2023-09-10,63.291666666666664,16.704166666666666,128.83333333333334,1.5458333333333334,4.158333333333333,91.79166666666667,0.3020833333333333,103.04166666666667,2.3312500000000003,64.25,63.041666666666664
2023-09-11,21.566666666666666,10.704166666666666,175.0,2.2375000000000003,5.558333333333334,92.875,0.255,16.958333333333332,2.3895833333333334,64.58333333333333,54.875
2023-09-12,10.174999999999999,5.291666666666667,160.0,3.0083333333333333,5.425,78.625,0.16125,6.375,1.4437499999999999,38.5,31.541666666666668
2023-09-13,25.787499999999998,9.112499999999999,150.79166666666666,1.8458333333333332,3.733333333333334,69.41666666666667,0.2554166666666667,33.0,2.2354166666666666,36.25,27.875
2023-09-14,96.13333333333333,19.904166666666665,125.66666666666667,0.75,0.5875,59.291666666666664,0.5025000000000001,183.04166666666666,2.1479166666666667,54.375,56.541666666666664
2023-09-15,127.95,24.708333333333332,119.66666666666667,0.7458333333333332,0.5499999999999999,65.66666666666667,0.5829166666666666,245.08333333333334,2.154166666666667,84.45833333333333,89.625
2023-09-16,111.23333333333333,21.53333333333333,101.125,0.7791666666666667,0.7833333333333333,72.04166666666667,0.6116666666666667,208.375,1.9875,81.95833333333333,87.625
2023-09-17,102.41666666666667,21.849999999999998,127.29166666666667,1.2249999999999999,1.55,70.54166666666667,0.365,194.16666666666666,1.5083333333333335,75.08333333333333,82.20833333333333
2023-09-18,25.258333333333336,11.329166666666666,160.41666666666666,2.158333333333333,3.545833333333333,68.79166666666667,0.19666666666666666,29.458333333333332,1.9875,61.958333333333336,59.666666666666664
2023-09-19,19.616666666666667,9.325000000000001,144.41666666666666,2.25,4.266666666666667,65.83333333333333,0.32875,17.916666666666668,2.2375000000000003,37.708333333333336,26.458333333333332
2023-09-20,57.854166666666664,19.729166666666668,127.66666666666667,1.5541666666666665,2.408333333333333,66.83333333333333,0.23625,90.54166666666667,2.0416666666666665,62.875,55.25
2023-09-21,11.362499999999999,6.520833333333333,138.0,2.216666666666667,4.725,69.33333333333333,0.10291666666666667,5.375,2.5958333333333337,44.333333333333336,37.333333333333336
2023-09-22,44.49166666666667,19.720833333333335,147.625,1.0916666666666666,1.5583333333333333,75.41666666666667,0.15083333333333335,48.458333333333336,2.4208333333333334,44.0,31.791666666666668
2023-09-23,155.01666666666668,37.612500000000004,123.08333333333333,1.0999999999999999,1.0166666666666666,69.33333333333333,0.24916666666666668,292.7083333333333,2.064583333333333,90.5,81.25
2023-09-24,111.38333333333333,27.183333333333334,137.66666666666666,1.5125,3.4583333333333335,95.375,0.18375,206.0,2.44375,96.79166666666667,97.125
2023-09-25,92.22916666666667,29.099999999999998,116.91666666666667,1.0,1.2458333333333333,70.45833333333333,0.16375,151.04166666666666,2.4625,80.70833333333333,76.5
2023-09-26,127.0625,26.849999999999998,103.875,0.9708333333333333,0.75,67.375,0.2091666666666667,247.04166666666666,2.3666666666666667,85.29166666666667,84.95833333333333
2023-09-27,101.78333333333335,24.724999999999998,108.25,0.7875,0.6625,66.33333333333333,0.16208333333333333,186.08333333333334,2.6125000000000003,78.16666666666667,83.625
2023-09-28,175.6291666666667,40.454166666666666,109.58333333333333,1.0208333333333333,0.8250000000000001,65.29166666666667,0.19875,343.2083333333333,2.1708333333333334,94.95833333333333,97.16666666666667
2023-09-29,157.625,42.6875,113.95833333333333,0.9166666666666666,0.7541666666666668,65.0,0.2808333333333333,287.4166666666667,2.1354166666666665,120.41666666666667,106.25
2023-09-30,110.82083333333333,22.025000000000002,99.79166666666667,0.9958333333333335,0.8291666666666667,69.29166666666667,0.3754166666666667,212.125,1.9437499999999999,95.25,95.16666666666667
2023-10-01,118.92083333333333,18.5625,81.75,0.8624999999999999,0.775,66.54166666666667,0.3204166666666667,247.66666666666666,2.1479166666666667,78.25,84.58333333333333
2023-10-02,123.5625,27.166666666666668,83.125,1.0791666666666666,0.9541666666666667,62.083333333333336,0.30583333333333335,241.04166666666666,2.191666666666667,85.29166666666667,90.16666666666667
2023-10-03,95.42083333333333,28.95,100.375,1.3083333333333333,1.3291666666666666,59.333333333333336,0.28250000000000003,164.375,2.0333333333333337,86.625,84.16666666666667
2023-10-04,65.19583333333334,24.05,119.29166666666667,0.9333333333333332,0.7416666666666667,54.583333333333336,0.41333333333333333,93.625,1.5791666666666666,80.125,71.75
2023-10-05,92.40416666666665,28.604166666666668,106.29166666666667,0.8500000000000001,0.8250000000000001,54.791666666666664,0.45166666666666666,151.20833333333334,2.0187500000000003,78.83333333333333,68.83333333333333
2023-10-06,142.47916666666666,41.012499999999996,84.83333333333333,1.1583333333333334,1.1041666666666667,59.333333333333336,0.47625,251.0,2.0625,97.0,88.91666666666667
2023-10-07,143.9,41.3875,107.16666666666667,1.6958333333333335,2.4499999999999997,85.375,0.55,249.5,1.8,118.58333333333333,96.29166666666667
2023-10-08,131.70833333333334,44.4,147.41666666666666,2.3000000000000003,6.658333333333334,112.70833333333333,0.6466666666666666,203.70833333333334,1.6624999999999999,115.125,97.29166666666667
2023-10-09,127.79166666666667,40.44583333333333,128.04166666666666,1.1166666666666667,2.1666666666666665,81.08333333333333,0.56125,204.83333333333334,1.9479166666666667,120.75,90.75
2023-10-10,119.33749999999999,36.22083333333333,115.66666666666667,0.9458333333333333,1.3125,58.75,0.47,200.29166666666666,2.0,104.04166666666667,87.95833333333333
2023-10-11,108.30833333333334,35.46666666666667,116.04166666666667,1.3208333333333333,2.0166666666666666,63.458333333333336,0.4741666666666667,177.91666666666666,1.7291666666666667,106.20833333333333,89.125
2023-10-12,92.37083333333334,35.56666666666667,125.95833333333333,1.4208333333333334,2.8249999999999997,77.5,0.37041666666666667,130.91666666666666,2.097916666666667,95.83333333333333,77.625
2023-10-13,83.35416666666667,33.84583333333333,128.75,1.5583333333333333,2.3125,67.08333333333333,0.3475,112.29166666666667,1.8375000000000001,102.70833333333333,77.04166666666667
2023-10-14,81.80416666666666,35.69166666666667,167.25,1.9708333333333332,2.5124999999999997,83.5,0.4266666666666667,105.16666666666667,1.4645833333333333,96.375,71.79166666666667
2023-10-15,84.45416666666667,31.337500000000002,126.20833333333333,1.0166666666666666,1.0083333333333333,65.5,0.29041666666666666,115.41666666666667,2.089583333333333,95.25,72.29166666666667
2023-10-16,101.41250000000001,27.579166666666666,117.45833333333333,1.5791666666666666,1.5,72.83333333333333,0.2758333333333333,177.79166666666666,2.1374999999999997,89.45833333333333,76.79166666666667
2023-10-17,86.20416666666667,21.0,104.75,1.2083333333333333,1.4791666666666667,69.66666666666667,0.17375,160.41666666666666,2.2624999999999997,74.58333333333333,79.04166666666667
2023-10-18,68.07083333333334,17.083333333333332,108.875,1.1291666666666667,2.0458333333333334,70.625,0.2575,122.29166666666667,2.1625,65.45833333333333,70.875
2023-10-19,80.13333333333334,20.391666666666666,108.16666666666667,1.1166666666666667,1.3083333333333333,69.95833333333333,0.3129166666666667,136.41666666666666,2.097916666666667,63.125,69.125
2023-10-20,52.59583333333333,22.2375,106.29166666666667,0.8916666666666667,0.6333333333333334,57.833333333333336,0.27458333333333335,50.625,2.1708333333333334,70.79166666666667,68.75
2023-10-21,21.354166666666668,11.120833333333332,93.04166666666667,0.8333333333333334,0.8791666666666668,73.875,0.26,1.9583333333333333,2.1458333333333335,61.166666666666664,38.166666666666664
2023-10-22,19.116666666666667,8.7125,92.5,0.775,0.9291666666666667,62.791666666666664,0.2529166666666667,8.125,1.9958333333333333,38.833333333333336,25.041666666666668
2023-10-23,18.25,8.762500000000001,113.20833333333333,0.6583333333333333,0.7583333333333333,63.583333333333336,0.24666666666666667,6.083333333333333,2.066666666666667,36.583333333333336,25.416666666666668
2023-10-24,42.208333333333336,12.733333333333334,112.04166666666667,0.6541666666666667,0.65,62.916666666666664,0.20125,56.5,2.1645833333333333,39.25,26.833333333333332
2023-10-25,70.53333333333333,25.695833333333336,124.125,1.3291666666666666,0.6833333333333332,58.083333333333336,0.20375,97.33333333333333,1.8291666666666666,66.29166666666667,63.708333333333336
2023-10-26,94.85000000000001,37.762499999999996,140.25,2.4458333333333333,1.8625,88.45833333333333,0.40625,133.45833333333334,1.8208333333333335,91.125,71.79166666666667
2023-10-27,77.55,26.641666666666666,135.25,2.283333333333333,1.2333333333333334,72.54166666666667,0.36250000000000004,117.0,1.9812500000000002,98.20833333333333,77.54166666666667
2023-10-28,79.64166666666667,27.204166666666666,109.54166666666667,1.0208333333333333,0.8416666666666667,68.04166666666667,0.2775,112.04166666666667,2.0479166666666666,80.0,66.875
2023-10-29,72.69166666666666,20.2,98.91666666666667,1.0625,1.1125,70.16666666666667,0.30750000000000005,119.54166666666667,1.95625,74.04166666666667,74.125
2023-10-30,56.90416666666667,17.433333333333334,108.41666666666667,1.1333333333333333,1.7125000000000001,68.625,0.34791666666666665,88.41666666666667,2.0020833333333337,65.91666666666667,65.70833333333333
2023-10-31,63.47083333333333,16.7625,107.875,0.9958333333333332,1.0333333333333334,68.95833333333333,0.23916666666666667,102.5,2.029166666666667,59.125,62.791666666666664
2023-11-01,88.69583333333333,18.195833333333333,117.375,1.2375,0.9708333333333333,70.29166666666667,0.22458333333333336,165.5,2.03125,61.958333333333336,68.66666666666667
2023-11-02,98.98333333333333,30.566666666666666,107.83333333333333,1.6208333333333333,1.1791666666666667,67.45833333333333,0.21916666666666665,163.0,2.002083333333333,81.54166666666667,82.45833333333333
2023-11-03,82.675,25.958333333333332,113.20833333333333,1.8125,1.0916666666666666,57.083333333333336,0.1975,133.04166666666666,2.0458333333333334,82.16666666666667,75.33333333333333
2023-11-04,146.35416666666666,47.574999999999996,117.58333333333333,1.5999999999999999,1.2291666666666667,59.458333333333336,0.23083333333333333,243.91666666666666,1.9541666666666666,103.375,85.0
2023-11-05,90.74166666666667,30.016666666666666,132.08333333333334,1.7083333333333333,1.1666666666666667,58.333333333333336,0.16583333333333333,145.70833333333334,2.060416666666667,108.79166666666667,87.29166666666667
2023-11-06,83.25,24.458333333333332,124.66666666666667,1.2916666666666667,0.8458333333333333,64.625,0.165,138.375,1.9833333333333334,82.54166666666667,75.29166666666667
2023-11-07,138.4,38.40833333333333,113.83333333333333,0.7374999999999999,0.49583333333333335,65.75,0.15541666666666668,239.41666666666666,2.002083333333333,84.08333333333333,77.91666666666667
2023-11-08,208.32500000000002,52.80833333333333,126.70833333333333,0.6625,0.6124999999999999,74.875,0.20833333333333334,384.75,1.9979166666666666,128.75,113.0
2023-11-09,224.47083333333333,61.52916666666667,122.04166666666667,0.8291666666666666,0.8208333333333333,75.66666666666667,0.37125,406.9583333333333,1.71875,152.41666666666666,132.83333333333334
2023-11-10,170.14166666666668,51.62916666666666,122.0,1.1166666666666667,0.8291666666666666,66.16666666666667,0.33916666666666667,293.5833333333333,1.7750000000000001,145.70833333333334,113.75
2023-11-11,105.95833333333333,39.55833333333333,124.875,1.8875,1.0583333333333333,71.70833333333333,0.2316666666666667,158.0,1.8375000000000001,126.79166666666667,98.04166666666667
2023-11-12,71.42916666666666,29.40416666666667,127.95833333333333,2.2333333333333334,0.8375,66.83333333333333,0.25875,92.75,1.7354166666666666,96.25,73.375
2023-11-13,75.34166666666667,28.058333333333334,117.75,1.7208333333333334,0.7583333333333333,56.083333333333336,0.24375000000000002,107.70833333333333,1.825,86.66666666666667,69.25
2023-11-14,54.949999999999996,24.224999999999998,118.83333333333333,1.7166666666666668,0.6375000000000001,62.208333333333336,0.18083333333333332,63.333333333333336,1.8708333333333333,79.375,65.58333333333333
2023-11-15,52.81666666666666,19.316666666666666,143.83333333333334,2.3249999999999997,0.7791666666666667,71.5,0.15958333333333333,72.75,1.8291666666666666,71.04166666666667,62.666666666666664
2023-11-16,52.39166666666667,19.879166666666666,145.875,2.441666666666667,0.8291666666666667,70.70833333333333,0.13375,72.625,1.8895833333333334,66.125,60.875
2023-11-17,59.8375,21.958333333333332,131.58333333333334,2.1,0.7125,66.08333333333333,0.21791666666666668,88.91666666666667,1.7437500000000001,68.04166666666667,60.875
2023-11-18,73.75,22.1125,112.79166666666667,2.0500000000000003,0.7833333333333333,56.708333333333336,0.27791666666666665,123.375,1.6979166666666667,72.79166666666667,68.29166666666667
2023-11-19,106.16250000000001,28.037499999999998,105.125,2.308333333333333,1.3083333333333333,55.708333333333336,0.3595833333333333,189.75,1.41875,75.54166666666667,72.58333333333333
2023-11-20,101.71666666666665,28.2,101.375,1.4333333333333333,1.2291666666666667,51.416666666666664,0.3958333333333333,177.875,1.10625,85.70833333333333,84.125
2023-11-21,90.85833333333333,34.09583333333333,105.16666666666667,1.0166666666666666,0.9958333333333332,56.125,0.2920833333333333,127.66666666666667,1.575,89.79166666666667,78.95833333333333
2023-11-22,55.175000000000004,20.287499999999998,116.83333333333333,1.4541666666666666,0.7083333333333334,62.0,0.15458333333333332,76.29166666666667,1.7541666666666667,85.375,69.375
2023-11-23,92.20416666666667,22.125,109.41666666666667,1.1375,0.6083333333333333,62.375,0.14833333333333334,168.79166666666666,1.6895833333333334,65.29166666666667,66.66666666666667
2023-11-24,170.35833333333332,41.8375,113.91666666666667,0.7791666666666667,0.5499999999999999,69.95833333333333,0.13458333333333333,313.375,1.7729166666666665,90.66666666666667,93.20833333333333
2023-11-25,185.35,50.62916666666666,125.0,0.6791666666666667,0.6749999999999999,66.29166666666667,0.18041666666666667,327.75,1.7354166666666666,132.70833333333334,112.70833333333333
2023-11-26,126.29166666666667,38.733333333333334,126.16666666666667,1.0166666666666666,1.0541666666666667,59.375,0.18125,211.125,1.66875,125.04166666666667,102.625
2023-11-27,68.35833333333333,21.379166666666666,119.125,1.2541666666666667,0.9833333333333334,62.25,0.14,107.95833333333333,1.7541666666666667,87.75,79.5
2023-11-28,60.175000000000004,19.766666666666666,125.125,1.2249999999999999,0.7458333333333332,56.166666666666664,0.13291666666666666,89.25,1.7375,66.91666666666667,64.04166666666667
2023-11-29,55.81666666666666,18.175,126.70833333333333,1.425,0.7625000000000001,64.25,0.09125,83.375,1.7562499999999999,66.375,64.20833333333333
2023-11-30,54.32916666666667,15.174999999999999,130.83333333333334,1.5708333333333335,1.0458333333333334,72.16666666666667,0.18666666666666668,87.70833333333333,1.6645833333333335,59.25,61.625
2023-12-01,40.324999999999996,17.525000000000002,111.20833333333333,0.9333333333333332,0.6791666666666667,64.75,0.19708333333333336,39.375,1.6270833333333332,58.125,54.208333333333336
2023-12-02,33.9375,15.891666666666666,111.66666666666667,0.9416666666666668,0.5583333333333333,67.79166666666667,0.18500000000000003,23.666666666666668,1.6333333333333335,62.125,36.541666666666664
2023-12-03,39.84583333333333,13.325000000000001,112.16666666666667,0.9166666666666666,0.5666666666666667,62.166666666666664,0.2354166666666667,48.291666666666664,1.7041666666666666,53.958333333333336,37.666666666666664
2023-12-04,25.400000000000002,12.700000000000001,100.08333333333333,0.8708333333333332,0.6,65.5,0.18333333333333335,10.375,1.7,53.708333333333336,33.333333333333336
2023-12-05,31.108333333333334,14.516666666666667,106.04166666666667,1.075,1.1,68.5,0.13708333333333333,22.708333333333332,1.6854166666666668,52.208333333333336,28.458333333333332
2023-12-06,33.80416666666667,15.483333333333334,116.66666666666667,1.0458333333333334,0.9750000000000001,69.16666666666667,0.13083333333333333,28.708333333333332,1.7270833333333335,56.041666666666664,33.333333333333336
2023-12-07,57.65,21.558333333333334,126.33333333333333,1.5541666666666665,0.7291666666666666,60.416666666666664,0.15208333333333332,80.79166666666667,1.6541666666666666,61.083333333333336,47.125
2023-12-08,82.26666666666667,26.625,108.04166666666667,1.2833333333333334,0.6416666666666667,58.291666666666664,0.18333333333333335,127.16666666666667,1.5979166666666667,80.66666666666667,70.875
2023-12-09,68.42083333333333,23.9875,135.79166666666666,2.1125000000000003,0.7791666666666667,66.875,0.24916666666666668,103.125,1.4875,75.875,68.41666666666667
2023-12-10,80.64166666666667,28.920833333333334,144.25,2.1875,0.775,65.29166666666667,0.19000000000000003,117.625,1.6083333333333334,79.08333333333333,70.20833333333333
2023-12-11,151.3125,43.90833333333333,133.58333333333334,1.8541666666666667,0.8833333333333333,69.20833333333333,0.31958333333333333,257.7083333333333,1.3770833333333332,101.33333333333333,86.33333333333333
2023-12-12,186.4,53.645833333333336,139.04166666666666,1.7874999999999999,0.9666666666666667,74.58333333333333,0.4054166666666667,326.1666666666667,1.3291666666666666,134.79166666666666,103.25
2023-12-13,138.47916666666666,48.324999999999996,147.29166666666666,2.0875,0.8958333333333334,70.83333333333333,0.4391666666666667,213.83333333333334,1.2770833333333333,140.45833333333334,109.04166666666667
2023-12-14,114.14583333333333,46.8375,148.25,2.2416666666666667,0.9458333333333333,74.125,0.465,157.33333333333334,1.3041666666666667,131.20833333333334,90.83333333333333
2023-12-15,122.93333333333334,50.175000000000004,130.66666666666666,1.9083333333333332,0.7916666666666666,63.875,0.28833333333333333,174.375,1.2750000000000001,128.04166666666666,86.375
2023-12-16,163.67083333333332,59.208333333333336,134.41666666666666,2.033333333333333,0.8791666666666668,62.625,0.395,258.2083333333333,1.1812500000000001,149.625,102.04166666666667
2023-12-17,157.78333333333333,59.80416666666667,140.83333333333334,2.325,1.0583333333333333,60.291666666666664,0.45,241.625,1.2833333333333334,150.20833333333334,100.875
2023-12-18,242.04583333333335,90.37916666666666,144.875,1.7791666666666668,1.125,59.5,0.54625,383.7916666666667,1.2729166666666667,160.08333333333334,121.58333333333333
2023-12-19,292.37083333333334,88.82916666666667,146.54166666666666,1.3916666666666666,1.804166666666667,64.41666666666667,0.6325,509.0833333333333,1.1645833333333333,171.75,155.83333333333334
2023-12-20,266.97083333333336,69.71249999999999,152.25,1.2458333333333333,2.8708333333333336,67.875,0.5558333333333333,491.5416666666667,1.0395833333333333,163.45833333333334,152.20833333333334
2023-12-21,220.0625,51.395833333333336,157.66666666666666,1.1166666666666667,1.7416666666666665,72.875,0.37999999999999995,415.0416666666667,1.4875,152.95833333333334,140.33333333333334
2023-12-22,171.22916666666666,39.57083333333333,143.125,1.2291666666666667,0.9708333333333333,66.25,0.38083333333333336,325.7916666666667,1.4479166666666667,116.29166666666667,110.75
2023-12-23,142.88333333333333,33.94583333333333,142.83333333333334,1.4541666666666666,0.8250000000000001,68.5,0.34375,267.3333333333333,1.45,101.75,99.625
2023-12-24,108.12083333333334,28.5625,131.0,1.4958333333333333,0.7416666666666667,68.45833333333333,0.29583333333333334,191.41666666666666,1.4541666666666666,85.20833333333333,83.25
2023-12-25,82.57083333333334,30.47083333333333,119.16666666666667,1.4666666666666668,0.6875,58.458333333333336,0.2608333333333333,121.45833333333333,1.5104166666666667,90.125,81.75
2023-12-26,57.13333333333333,29.333333333333332,111.0,1.575,0.6749999999999999,58.416666666666664,0.16916666666666666,58.041666666666664,1.7083333333333333,88.08333333333333,67.66666666666667
2023-12-27,41.725,24.691666666666666,141.41666666666666,1.4916666666666665,0.6625,65.04166666666667,0.14041666666666666,27.125,1.75,81.70833333333333,61.375
2023-12-28,40.862500000000004,24.087500000000002,157.20833333333334,1.6416666666666666,0.6625,65.125,0.09749999999999999,26.375,1.8104166666666666,76.91666666666667,58.666666666666664
2023-12-29,66.56666666666666,26.754166666666666,164.29166666666666,2.283333333333333,0.8541666666666666,80.95833333333333,0.11875000000000001,88.95833333333333,1.8291666666666666,75.33333333333333,58.5
2023-12-30,75.57916666666667,30.395833333333332,150.70833333333334,2.2624999999999997,0.9083333333333333,76.875,0.1366666666666667,105.91666666666667,1.76875,88.75,70.33333333333333
2023-12-31,79.8125,27.620833333333334,135.29166666666666,1.8583333333333334,0.6791666666666667,61.625,0.20583333333333334,123.20833333333333,1.6375,87.375,72.375
2024-01-01,72.04583333333333,22.920833333333334,126.83333333333333,1.7249999999999999,0.6625,57.5,0.21208333333333332,111.79166666666667,1.5625,77.75,69.45833333333333
2024-01-02,65.70833333333333,21.545833333333334,115.79166666666667,1.8583333333333334,0.6166666666666667,56.791666666666664,0.2354166666666667,101.29166666666667,1.4770833333333335,70.41666666666667,67.66666666666667
2024-01-03,82.55416666666666,25.320833333333336,122.79166666666667,1.6333333333333335,0.6375,55.458333333333336,0.20875,133.54166666666666,1.65625,75.70833333333333,70.66666666666667
2024-01-04,68.74166666666666,20.983333333333334,132.29166666666666,2.2916666666666665,0.75,55.125,0.2383333333333333,110.45833333333333,1.5729166666666667,74.04166666666667,68.875
2024-01-05,56.887499999999996,17.5625,115.625,1.8791666666666667,0.7458333333333332,57.375,0.20125,89.875,1.5895833333333333,63.333333333333336,63.541666666666664
2024-01-06,56.22083333333333,18.566666666666666,157.54166666666666,2.6166666666666667,0.9833333333333334,77.54166666666667,0.18041666666666667,84.33333333333333,1.6958333333333335,63.25,63.666666666666664
2024-01-07,51.074999999999996,19.675,146.83333333333334,2.125,0.7416666666666667,65.45833333333333,0.2020833333333333,69.04166666666667,1.7083333333333333,66.58333333333333,62.125
2024-01-08,48.60833333333333,17.95,124.91666666666667,1.9291666666666665,0.6375,56.5,0.19000000000000003,67.25,1.6520833333333333,63.541666666666664,54.291666666666664
2024-01-09,48.8125,15.075000000000001,101.16666666666667,1.9916666666666665,0.7041666666666666,53.875,0.12458333333333334,73.83333333333333,1.6541666666666668,58.958333333333336,53.0
2024-01-10,41.61666666666667,15.754166666666668,112.33333333333333,2.225,0.725,52.541666666666664,0.18208333333333335,49.5,1.75,57.458333333333336,50.25
2024-01-11,42.725,14.229166666666666,119.95833333333333,2.0541666666666667,0.7166666666666667,64.375,0.14958333333333332,56.875,1.825,56.666666666666664,49.208333333333336
2024-01-12,41.300000000000004,15.845833333333333,115.625,2.025,0.6333333333333333,64.375,0.22625000000000003,46.791666666666664,1.6958333333333335,55.458333333333336,40.416666666666664
2024-01-13,43.21666666666667,15.579166666666666,117.83333333333333,2.275,0.5958333333333333,58.458333333333336,0.29041666666666666,55.5,1.3645833333333333,58.5,45.041666666666664
2024-01-14,68.27916666666667,25.287499999999998,147.125,2.2916666666666665,0.7583333333333333,70.16666666666667,0.24583333333333335,99.08333333333333,1.6500000000000001,66.54166666666667,61.083333333333336
2024-01-15,87.14583333333333,28.27916666666667,142.79166666666666,2.4208333333333334,0.8125,74.5,0.21166666666666667,135.625,1.8020833333333333,84.41666666666667,73.83333333333333
2024-01-16,74.53333333333333,22.958333333333332,140.54166666666666,2.7416666666666667,1.0125,80.33333333333333,0.24166666666666667,122.33333333333333,1.7375,79.41666666666667,68.95833333333333
2024-01-17,65.30416666666666,21.058333333333334,100.66666666666667,2.433333333333333,0.8166666666666668,59.333333333333336,0.29291666666666666,102.66666666666667,1.64375,70.66666666666667,67.25
2024-01-18,66.34583333333333,22.575,100.16666666666667,2.0875,0.7208333333333333,59.916666666666664,0.28958333333333336,94.75,1.6979166666666667,71.04166666666667,67.0
2024-01-19,50.479166666666664,19.008333333333333,129.0,0.9833333333333334,0.5125000000000001,70.125,0.31916666666666665,52.875,1.7729166666666665,70.41666666666667,64.08333333333333
2024-01-20,58.39166666666667,18.016666666666666,131.04166666666666,0.7625000000000001,0.6041666666666666,73.79166666666667,0.26999999999999996,75.79166666666667,1.7666666666666666,60.625,46.583333333333336
2024-01-21,214.1,55.01666666666667,116.75,1.0541666666666667,0.5291666666666667,70.54166666666667,0.42416666666666664,388.0,1.3395833333333333,99.625,97.83333333333333
2024-01-22,91.55833333333334,40.762499999999996,132.75,1.7583333333333335,0.6416666666666667,67.08333333333333,0.29333333333333333,117.29166666666667,1.7541666666666667,143.5,104.79166666666667
2024-01-23,112.94583333333333,38.800000000000004,121.75,2.2291666666666665,0.6791666666666667,59.833333333333336,0.27666666666666667,183.375,1.4875,98.70833333333333,77.70833333333333
2024-01-24,211.11249999999998,75.37083333333334,137.125,2.0416666666666665,0.7666666666666666,63.791666666666664,0.50375,338.5,1.4458333333333335,143.58333333333334,107.91666666666667
2024-01-25,211.64166666666665,92.075,177.95833333333334,2.5500000000000003,0.8833333333333333,66.33333333333333,0.5208333333333334,296.3333333333333,1.3729166666666668,165.54166666666666,123.45833333333333
2024-01-26,215.625,96.35833333333333,165.29166666666666,2.279166666666667,0.6625,60.541666666666664,0.5979166666666667,295.1666666666667,1.4645833333333333,170.95833333333334,125.58333333333333
2024-01-27,160.35833333333332,64.60833333333333,157.83333333333334,2.2708333333333335,0.8416666666666667,66.25,0.5116666666666666,234.66666666666666,1.5833333333333333,162.70833333333334,114.54166666666667
2024-01-28,173.73749999999998,69.27083333333333,149.875,1.8958333333333333,0.725,66.45833333333333,0.555,252.20833333333334,1.6020833333333335,155.79166666666666,106.70833333333333
2024-01-29,149.81666666666666,62.270833333333336,152.375,1.8083333333333333,0.625,64.83333333333333,0.35791666666666666,211.16666666666666,1.7229166666666667,155.95833333333334,105.875
2024-01-30,117.8875,45.012499999999996,139.0,1.8875,0.6416666666666667,65.83333333333333,0.31124999999999997,177.79166666666666,1.7750000000000001,143.54166666666666,93.83333333333333
2024-01-31,130.57083333333333,43.39166666666667,139.16666666666666,2.2125,0.7291666666666666,68.79166666666667,0.34041666666666665,210.08333333333334,1.7,120.45833333333333,90.75
2024-02-01,113.66250000000001,39.979166666666664,146.08333333333334,3.3791666666666664,0.9958333333333332,66.16666666666667,0.45999999999999996,179.16666666666666,1.2041666666666666,114.66666666666667,86.75
2024-02-02,152.85833333333332,51.770833333333336,148.375,2.433333333333333,0.8291666666666666,67.91666666666667,0.4479166666666667,248.875,1.7166666666666668,125.25,94.45833333333333
2024-02-03,141.80833333333334,53.94166666666666,137.125,2.029166666666667,0.7708333333333334,70.0,0.46708333333333335,213.08333333333334,1.6395833333333334,144.75,99.16666666666667
2024-02-04,143.14583333333334,49.44583333333333,142.08333333333334,1.9000000000000001,0.9833333333333334,70.41666666666667,0.19041666666666668,230.41666666666666,2.0166666666666666,142.75,97.29166666666667
2024-02-05,125.75833333333333,44.75,157.375,2.0833333333333335,1.2375,75.70833333333333,0.1708333333333333,193.95833333333334,2.0541666666666667,123.66666666666667,91.54166666666667
2024-02-06,149.75416666666666,52.1875,156.5,2.4625,1.0666666666666667,80.04166666666667,0.21041666666666667,238.79166666666666,2.0604166666666663,134.20833333333334,95.08333333333333
2024-02-07,162.10833333333332,61.9625,146.54166666666666,2.3583333333333334,0.9,78.33333333333333,0.47,248.04166666666666,1.7,147.29166666666666,101.83333333333333
2024-02-08,140.575,59.34583333333333,118.45833333333333,1.8666666666666665,0.6791666666666667,67.75,0.27291666666666664,195.83333333333334,2.064583333333333,154.875,103.625
2024-02-09,104.80416666666667,42.97083333333333,128.625,1.8125,0.6749999999999999,66.20833333333333,0.20375,143.58333333333334,2.120833333333333,135.33333333333334,86.54166666666667
2024-02-10,91.58333333333333,37.1875,124.54166666666667,1.6541666666666668,0.6083333333333333,63.625,0.22958333333333333,123.70833333333333,2.1770833333333335,109.75,76.79166666666667
2024-02-11,78.96666666666667,30.90833333333333,119.25,1.8916666666666666,0.6416666666666667,56.583333333333336,0.15791666666666668,108.79166666666667,2.3520833333333333,100.45833333333333,77.0
2024-02-12,75.07083333333334,25.09583333333333,122.20833333333333,2.1666666666666665,0.775,53.916666666666664,0.09833333333333333,113.95833333333333,2.4479166666666665,82.95833333333333,71.0
2024-02-13,66.45,23.125,111.25,2.1958333333333333,0.9,65.125,0.14791666666666667,97.41666666666667,2.370833333333333,70.04166666666667,64.16666666666667
2024-02-14,78.65833333333333,25.320833333333336,108.875,1.75,0.65,64.54166666666667,0.19666666666666666,119.08333333333333,2.2583333333333333,81.70833333333333,72.33333333333333
2024-02-15,62.27916666666667,22.075,113.95833333333333,1.6333333333333335,0.46249999999999997,56.5,0.23458333333333334,85.33333333333333,2.1416666666666666,68.41666666666667,64.20833333333333
2024-02-16,97.41250000000001,37.420833333333334,115.25,1.4208333333333334,0.44166666666666665,51.416666666666664,0.18583333333333332,134.33333333333334,2.2416666666666667,90.04166666666667,75.5
2024-02-17,93.29166666666667,35.225,132.83333333333334,2.1958333333333333,0.6708333333333334,63.583333333333336,0.25333333333333335,135.08333333333334,2.1708333333333334,106.58333333333333,77.45833333333333
2024-02-18,67.97916666666667,23.212500000000002,121.16666666666667,1.7583333333333335,0.5958333333333333,68.95833333333333,0.35708333333333336,98.41666666666667,2.064583333333333,87.0,73.79166666666667
2024-02-19,86.65833333333335,29.041666666666668,152.54166666666666,2.625,0.8708333333333332,83.83333333333333,0.4145833333333333,130.58333333333334,2.0833333333333335,72.54166666666667,67.79166666666667
2024-02-20,148.525,47.333333333333336,140.25,1.925,0.6,71.375,0.49374999999999997,249.41666666666666,2.0812500000000003,118.79166666666667,91.45833333333333
2024-02-21,180.79999999999998,54.175000000000004,141.79166666666666,1.5666666666666667,0.6041666666666666,76.45833333333333,0.4908333333333333,311.0416666666667,2.064583333333333,131.95833333333334,103.75
2024-02-22,176.88750000000002,55.449999999999996,141.375,1.8499999999999999,0.6208333333333333,67.25,0.46458333333333335,299.1666666666667,2.225,149.45833333333334,112.70833333333333
2024-02-23,169.9125,51.787499999999994,143.375,1.6333333333333335,0.5916666666666667,73.58333333333333,0.5091666666666667,288.9583333333333,1.9104166666666667,149.91666666666666,110.875
2024-02-24,116.23333333333333,34.1875,141.66666666666666,1.6500000000000001,0.5499999999999999,79.0,0.35083333333333333,194.20833333333334,2.1666666666666665,114.54166666666667,97.5
2024-02-25,186.17499999999998,62.625,129.125,1.4166666666666667,0.5625,72.16666666666667,0.245,298.5,2.347916666666667,131.375,100.875
2024-02-26,226.49166666666667,79.9875,136.41666666666666,1.6125,0.7000000000000001,75.25,0.3329166666666667,356.5833333333333,2.1479166666666667,158.91666666666666,121.20833333333333
2024-02-27,184.0583333333333,69.625,139.54166666666666,2.1125000000000003,0.7916666666666666,74.125,0.5979166666666667,279.875,2.03125,158.375,119.5
2024-02-28,204.41666666666666,77.16666666666667,132.75,2.1875,0.7791666666666667,66.25,0.41250000000000003,309.3333333333333,2.316666666666667,158.08333333333334,114.875
2024-02-29,238.05416666666667,83.67083333333333,144.91666666666666,1.2958333333333332,0.45416666666666666,77.58333333333333,0.315,376.5,2.49375,167.45833333333334,137.08333333333334
2024-03-01,140.5625,56.73333333333333,149.16666666666666,1.8291666666666666,0.6041666666666666,78.625,0.21666666666666667,196.375,2.5833333333333335,154.0,107.45833333333333
2024-03-02,150.24166666666667,58.75,130.04166666666666,1.7,0.6041666666666666,73.16666666666667,0.30416666666666664,211.125,2.4208333333333334,150.08333333333334,97.5
2024-03-03,229.51666666666665,64.89999999999999,140.83333333333334,1.2125000000000001,0.4375,76.0,0.31083333333333335,402.5833333333333,2.525,153.83333333333334,114.95833333333333
2024-03-04,169.53333333333333,52.69166666666666,140.25,1.4916666666666665,0.5416666666666666,73.33333333333333,0.33125,278.125,2.566666666666667,153.20833333333334,127.91666666666667
2024-03-05,114.60416666666667,38.762499999999996,138.91666666666666,1.5416666666666667,0.5958333333333333,80.29166666666667,0.29125,171.375,2.629166666666667,125.58333333333333,97.33333333333333
2024-03-06,107.46249999999999,36.208333333333336,142.125,1.9166666666666667,0.7208333333333333,75.625,0.19999999999999998,163.04166666666666,2.7062500000000003,97.41666666666667,76.0
2024-03-07,83.27083333333333,26.224999999999998,122.95833333333333,1.5125,0.5499999999999999,84.91666666666667,0.20125,120.83333333333333,2.716666666666667,96.125,83.25
2024-03-08,222.8375,62.074999999999996,123.58333333333333,1.4291666666666665,0.4875,82.58333333333333,0.335,381.6666666666667,2.36875,91.29166666666667,87.91666666666667
2024-03-09,257.2375,74.925,135.66666666666666,1.2833333333333334,0.4375,78.45833333333333,0.34833333333333333,444.2916666666667,2.46875,164.20833333333334,149.66666666666666
2024-03-10,145.22916666666666,44.00833333333333,136.33333333333334,1.2208333333333334,0.5083333333333333,80.66666666666667,0.2529166666666667,236.79166666666666,2.629166666666667,151.91666666666666,121.58333333333333
2024-03-11,96.84583333333335,31.025000000000002,120.5,1.5083333333333335,0.5625,71.20833333333333,0.18833333333333335,150.5,2.7104166666666667,102.08333333333333,88.0
2024-03-12,76.71666666666667,26.058333333333334,120.79166666666667,1.6791666666666665,0.6625,64.20833333333333,0.12708333333333333,114.20833333333333,2.747916666666667,81.25,71.25
2024-03-13,97.5625,30.241666666666664,118.125,1.5166666666666666,0.5416666666666666,65.83333333333333,0.10166666666666667,151.83333333333334,2.8708333333333336,83.79166666666667,74.16666666666667
2024-03-14,116.9375,34.391666666666666,121.91666666666667,1.5416666666666667,0.5416666666666666,72.41666666666667,0.11708333333333333,189.5,2.764583333333333,89.5,83.54166666666667
2024-03-15,74.45,28.754166666666666,129.375,1.875,0.65,70.29166666666667,0.15041666666666667,95.125,2.8312500000000003,102.0,82.75
2024-03-16,75.08333333333333,29.333333333333332,130.70833333333334,1.8375000000000001,0.7041666666666666,67.45833333333333,0.15958333333333333,97.375,2.764583333333333,80.66666666666667,67.79166666666667
2024-03-17,73.33749999999999,26.495833333333334,136.45833333333334,1.8625,0.7166666666666667,74.58333333333333,0.2504166666666667,101.16666666666667,2.6,84.25,67.66666666666667
2024-03-18,100.16250000000001,30.349999999999998,127.33333333333333,1.55,0.6166666666666667,73.58333333333333,0.2783333333333333,156.04166666666666,2.4145833333333333,84.41666666666667,74.58333333333333
2024-03-19,97.43333333333334,26.22083333333333,122.0,1.9875,0.8083333333333332,79.91666666666667,0.38666666666666666,162.83333333333334,2.3125,86.375,79.875
2024-03-20,145.52083333333334,39.65833333333333,125.70833333333333,2.1875,0.9041666666666667,78.79166666666667,0.4579166666666667,252.33333333333334,2.4,90.0,84.75
2024-03-21,303.56666666666666,100.46249999999999,128.16666666666666,2.283333333333333,1.0041666666666667,72.91666666666667,0.5033333333333333,497.1666666666667,2.3541666666666665,150.08333333333334,125.875
2024-03-22,216.1625,55.208333333333336,134.33333333333334,1.4041666666666668,0.8458333333333333,81.95833333333333,0.5620833333333334,379.0416666666667,2.2729166666666667,178.20833333333334,163.08333333333334
2024-03-23,26.575,14.333333333333334,140.91666666666666,0.8375,0.8125,86.79166666666667,0.31333333333333335,1.9166666666666667,2.654166666666667,79.41666666666667,74.0
2024-03-24,31.1875,12.941666666666668,133.79166666666666,1.0333333333333334,0.6041666666666666,81.75,0.3329166666666667,24.875,2.23125,51.416666666666664,32.833333333333336
2024-03-25,61.1,20.470833333333335,123.375,1.0125,0.5333333333333333,76.04166666666667,0.28125,77.75,2.8020833333333335,61.333333333333336,53.666666666666664
2024-03-26,95.05,24.379166666666666,122.45833333333333,1.1375,0.5499999999999999,73.95833333333333,0.29541666666666666,158.41666666666666,2.54375,69.0,68.41666666666667
2024-03-27,148.31666666666666,43.824999999999996,124.58333333333333,1.3499999999999999,0.5958333333333333,72.375,0.33041666666666664,242.58333333333334,2.7708333333333335,94.95833333333333,88.5
2024-03-28,134.66666666666666,36.65833333333333,142.54166666666666,1.5708333333333335,0.8458333333333333,81.20833333333333,0.30583333333333335,228.08333333333334,2.7729166666666667,122.66666666666667,97.875
2024-03-29,58.1625,17.425,135.0,1.0458333333333334,0.6458333333333334,89.0,0.23208333333333334,78.04166666666667,2.9812499999999997,81.54166666666667,83.83333333333333
2024-03-30,47.925000000000004,15.333333333333334,124.66666666666667,1.0875000000000001,0.6041666666666666,86.66666666666667,0.2629166666666667,55.875,2.9270833333333335,56.166666666666664,42.916666666666664
2024-03-31,72.22916666666667,17.204166666666666,133.54166666666666,1.3541666666666667,0.7666666666666666,89.33333333333333,0.33499999999999996,118.25,2.7916666666666665,57.5,63.041666666666664
2024-04-01,90.25416666666666,22.337500000000002,132.91666666666666,1.5625,0.9083333333333333,80.625,0.31583333333333335,151.79166666666666,2.6437500000000003,66.625,72.0
2024-04-02,97.71666666666665,25.795833333333334,128.75,1.6083333333333334,0.8708333333333332,72.375,0.33875000000000005,158.79166666666666,2.672916666666667,78.45833333333333,78.75
2024-04-03,198.7458333333333,65.625,117.58333333333333,1.3041666666666667,0.5791666666666667,64.58333333333333,0.33708333333333335,316.5416666666667,2.7083333333333335,109.08333333333333,97.20833333333333
2024-04-04,191.20833333333334,70.12916666666666,122.5,1.7458333333333333,0.8041666666666667,69.54166666666667,0.39999999999999997,285.7916666666667,2.660416666666667,160.0,123.375
2024-04-05,105.125,33.516666666666666,109.5,2.0083333333333333,1.3916666666666666,82.5,0.26958333333333334,161.33333333333334,2.75625,142.875,102.66666666666667
2024-04-06,36.0875,13.5625,99.04166666666667,1.2041666666666666,1.0083333333333333,78.66666666666667,0.22041666666666668,34.916666666666664,2.9020833333333336,61.125,54.208333333333336
2024-04-07,41.97083333333333,13.158333333333333,121.0,1.1416666666666668,0.7625000000000001,61.541666666666664,0.24208333333333334,52.541666666666664,2.7312499999999997,52.291666666666664,41.125
2024-04-08,223.45833333333334,61.583333333333336,134.70833333333334,1.1833333333333333,0.65,77.5,0.26416666666666666,384.4166666666667,2.6437500000000003,79.54166666666667,74.5
2024-04-09,340.1875,99.77083333333333,133.25,1.1375,0.625,84.75,0.24750000000000003,589.375,2.702083333333333,169.0,155.04166666666666
2024-04-10,273.05,55.449999999999996,125.16666666666667,1.7208333333333332,1.2249999999999999,87.125,0.34541666666666665,541.4166666666666,2.5020833333333337,186.79166666666666,171.45833333333334
2024-04-11,238.9125,57.55416666666667,131.66666666666666,1.7750000000000001,1.6624999999999999,89.0,0.3133333333333333,450.0,2.533333333333333,161.04166666666666,150.54166666666666
2024-04-12,124.64166666666667,33.68333333333333,139.45833333333334,1.6624999999999999,1.4708333333333332,86.66666666666667,0.41375,211.83333333333334,2.5395833333333333,114.625,109.16666666666667
2024-04-13,92.75416666666666,43.35,145.08333333333334,2.8041666666666667,1.6208333333333333,78.5,0.53,104.29166666666667,2.316666666666667,108.91666666666667,80.54166666666667
2024-04-14,124.68333333333334,46.49583333333334,175.66666666666666,3.591666666666667,3.0666666666666664,106.16666666666667,0.68,175.875,2.0812500000000003,129.04166666666666,85.58333333333333
2024-04-15,121.42083333333333,43.987500000000004,151.45833333333334,2.8666666666666667,3.4166666666666665,101.20833333333333,0.5045833333333333,177.125,2.402083333333333,128.70833333333334,90.5
2024-04-16,91.30833333333334,31.358333333333334,156.125,1.8541666666666667,0.9375,91.625,0.35000000000000003,139.33333333333334,2.754166666666667,103.91666666666667,82.33333333333333
2024-04-17,100.05833333333334,33.625,143.66666666666666,1.7166666666666668,1.0374999999999999,82.91666666666667,0.6158333333333333,152.20833333333334,2.220833333333333,94.125,79.83333333333333
2024-04-18,93.47083333333335,33.35,138.83333333333334,1.6333333333333335,1.2874999999999999,80.54166666666667,0.5016666666666667,135.79166666666666,2.43125,93.08333333333333,74.70833333333333
2024-04-19,107.31666666666666,39.78333333333333,121.25,1.2333333333333334,0.8166666666666668,78.70833333333333,0.25,147.08333333333334,2.860416666666667,96.95833333333333,78.16666666666667
2024-04-20,71.91666666666667,26.879166666666666,115.29166666666667,1.2291666666666667,0.7916666666666666,78.33333333333333,0.31666666666666665,85.41666666666667,2.6687499999999997,105.54166666666667,80.04166666666667
2024-04-21,48.96666666666667,17.558333333333334,111.16666666666667,1.2083333333333333,0.9666666666666667,81.125,0.28291666666666665,54.333333333333336,2.752083333333333,69.16666666666667,59.5
2024-04-22,171.45000000000002,33.112500000000004,108.04166666666667,0.7916666666666666,0.9416666666666668,76.95833333333333,0.32166666666666666,329.625,2.5812500000000003,81.625,83.625
2024-04-23,175.275,29.666666666666668,119.41666666666667,0.9249999999999999,1.1791666666666667,74.625,0.35333333333333333,354.5416666666667,2.720833333333333,108.83333333333333,109.08333333333333
2024-04-24,112.37083333333334,16.920833333333334,112.66666666666667,1.2874999999999999,1.5791666666666666,80.58333333333333,0.315,227.875,2.783333333333333,96.83333333333333,99.54166666666667
2024-04-25,80.74583333333334,18.170833333333334,118.04166666666667,1.5166666666666666,1.4291666666666665,86.0,0.3075,142.58333333333334,2.7125,71.375,79.16666666666667
2024-04-26,87.1375,29.858333333333334,123.20833333333333,1.2666666666666666,0.8708333333333332,76.70833333333333,0.37166666666666665,122.91666666666667,2.747916666666667,69.79166666666667,71.95833333333333
2024-04-27,68.51666666666667,33.49166666666667,139.83333333333334,1.1125,0.6291666666666667,71.5,0.5683333333333334,58.333333333333336,2.5770833333333334,95.91666666666667,72.25
2024-04-28,85.0,32.62916666666667,154.125,0.8624999999999999,0.4875,77.70833333333333,0.5308333333333334,106.875,2.5395833333333333,93.75,68.66666666666667
2024-04-29,127.31666666666666,46.59583333333333,165.41666666666666,0.9916666666666667,0.6,77.41666666666667,0.7391666666666667,179.66666666666666,2.25,109.41666666666667,81.20833333333333
2024-04-30,177.09583333333333,51.94583333333333,139.58333333333334,1.2416666666666667,0.5333333333333333,76.29166666666667,0.7470833333333333,303.25,2.3125,140.83333333333334,104.29166666666667
2024-05-01,154.39583333333334,42.083333333333336,141.04166666666666,1.1708333333333334,0.6124999999999999,86.125,0.6866666666666666,270.0416666666667,2.3625000000000003,128.83333333333334,110.41666666666667
2024-05-02,161.1,56.625,133.04166666666666,1.175,0.6833333333333335,81.29166666666667,0.5641666666666667,249.625,2.4458333333333333,126.29166666666667,99.375
2024-05-03,172.51250000000002,67.1875,122.29166666666667,1.3416666666666668,0.7791666666666667,71.70833333333333,0.43333333333333335,251.83333333333334,2.6125,153.33333333333334,102.70833333333333
2024-05-04,109.72916666666667,40.9625,118.625,1.2958333333333334,0.8083333333333332,75.70833333333333,0.36166666666666664,156.83333333333334,2.620833333333333,148.08333333333334,100.79166666666667
2024-05-05,156.79583333333332,39.68333333333333,121.66666666666667,1.5166666666666666,1.1125,91.70833333333333,0.3066666666666667,280.5,2.564583333333333,106.95833333333333,91.0
2024-05-06,145.32916666666668,39.775,128.45833333333334,1.5708333333333335,1.125,98.41666666666667,0.2525,247.58333333333334,2.6770833333333335,114.29166666666667,105.04166666666667
2024-05-07,177.82083333333333,43.12083333333334,126.0,1.8375000000000001,1.55,100.875,0.2854166666666667,326.375,2.6145833333333335,105.75,103.0
2024-05-08,171.73333333333335,37.829166666666666,110.08333333333333,1.7166666666666668,1.3541666666666667,78.70833333333333,0.32208333333333333,326.0,2.7395833333333335,115.66666666666667,110.83333333333333
2024-05-09,119.81666666666666,27.7375,114.54166666666667,1.8291666666666666,1.3041666666666667,85.54166666666667,0.3858333333333333,215.125,2.5083333333333333,99.5,100.83333333333333
2024-05-10,35.19166666666667,13.65,108.375,1.625,1.1625,94.625,0.28541666666666665,29.666666666666668,2.783333333333333,65.25,61.458333333333336
2024-05-11,117.46249999999999,24.7625,118.29166666666667,1.55,1.0583333333333333,98.91666666666667,0.315,211.45833333333334,2.725,58.375,53.666666666666664
2024-05-12,250.36249999999998,55.0,124.79166666666667,1.825,1.2416666666666667,95.70833333333333,0.4170833333333333,478.7916666666667,2.4895833333333335,114.83333333333333,113.91666666666667
2024-05-13,286.1375,71.67916666666666,119.16666666666667,1.5958333333333332,0.9874999999999999,82.29166666666667,0.42875,538.875,2.464583333333333,160.75,150.54166666666666
2024-05-14,164.74166666666667,31.2,114.29166666666667,1.2416666666666667,0.7708333333333334,91.29166666666667,0.34708333333333335,317.875,2.6354166666666665,139.45833333333334,130.16666666666666
2024-05-15,153.29583333333332,27.454166666666666,115.625,0.8458333333333333,0.7416666666666667,82.25,0.29625,300.6666666666667,2.7125,114.0,112.95833333333333
2024-05-16,229.7875,29.71666666666667,108.83333333333333,0.8416666666666667,0.7833333333333333,81.875,0.26666666666666666,491.7916666666667,2.7875,117.33333333333333,115.79166666666667
2024-05-17,156.10416666666666,23.275000000000002,120.41666666666667,1.0375,0.9249999999999999,93.625,0.255,319.0,2.814583333333333,123.79166666666667,121.0
2024-05-18,52.229166666666664,13.308333333333332,121.41666666666667,1.0625,0.7083333333333334,94.5,0.3,77.33333333333333,2.704166666666667,66.125,74.25
2024-05-19,59.449999999999996,15.341666666666667,104.625,1.2249999999999999,0.6916666666666665,80.0,0.37666666666666665,87.08333333333333,2.4208333333333334,54.416666666666664,62.041666666666664
2024-05-20,146.62916666666666,31.391666666666666,110.0,1.4375,0.7083333333333334,72.0,0.43583333333333335,271.375,2.4562500000000003,68.41666666666667,75.16666666666667
2024-05-21,227.17916666666667,61.925000000000004,109.58333333333333,1.3,0.5833333333333334,71.33333333333333,0.35333333333333333,402.7083333333333,2.6437500000000003,128.95833333333334,118.91666666666667
2024-05-22,240.4625,62.520833333333336,109.58333333333333,1.1624999999999999,0.5416666666666666,81.54166666666667,0.3620833333333333,435.375,2.622916666666667,155.0,134.83333333333334
2024-05-23,218.48749999999998,42.0,120.66666666666667,1.2083333333333333,0.6041666666666666,89.95833333333333,0.4170833333333333,434.375,2.4625,143.41666666666666,131.75
2024-05-24,201.20416666666665,42.4125,113.20833333333333,1.5875000000000001,0.7666666666666666,85.75,0.40958333333333335,389.4583333333333,2.214583333333333,127.66666666666667,124.0
2024-05-25,195.78333333333333,57.19166666666666,119.66666666666667,1.6166666666666665,0.7541666666666668,76.79166666666667,0.40041666666666664,333.5416666666667,2.4833333333333334,138.375,122.125
2024-05-26,170.19583333333333,59.90416666666667,124.625,1.0999999999999999,0.5,77.91666666666667,0.375,260.2916666666667,2.566666666666667,152.41666666666666,114.70833333333333
2024-05-27,179.52083333333334,62.10833333333333,122.375,1.9375,0.7958333333333334,78.83333333333333,0.41500000000000004,275.2083333333333,2.53125,153.0,110.16666666666667
2024-05-28,176.57916666666665,54.61666666666667,107.875,2.6750000000000003,1.4124999999999999,75.375,0.44625000000000004,301.5833333333333,1.29375,144.0,100.0
2024-05-29,181.51666666666665,41.479166666666664,105.83333333333333,1.4625000000000001,0.8624999999999999,77.79166666666667,0.3541666666666667,341.9166666666667,1.7958333333333334,147.95833333333334,128.375
2024-05-30,30.770833333333332,14.4375,107.20833333333333,0.8208333333333333,0.6,88.95833333333333,0.29541666666666666,13.541666666666666,2.60625,70.25,71.70833333333333
2024-05-31,27.633333333333336,14.799999999999999,110.54166666666667,0.7333333333333334,0.5916666666666667,87.75,0.27958333333333335,2.375,2.6395833333333334,54.666666666666664,35.083333333333336
2024-06-01,27.070833333333336,14.170833333333334,116.33333333333333,0.6833333333333332,0.6208333333333332,78.95833333333333,0.2604166666666667,3.5833333333333335,2.6791666666666667,55.833333333333336,31.583333333333332
2024-06-02,44.38333333333333,14.054166666666667,114.625,0.6958333333333333,0.5583333333333333,78.375,0.2091666666666667,50.0,2.7395833333333335,55.0,35.291666666666664
2024-06-03,56.4125,12.370833333333332,112.125,0.8458333333333333,0.5875,78.04166666666667,0.1725,88.95833333333333,2.7729166666666667,51.791666666666664,54.541666666666664
2024-06-04,98.21249999999999,17.025000000000002,112.625,1.0708333333333333,0.6041666666666666,79.5,0.20625000000000002,185.0,2.6750000000000003,62.708333333333336,72.25
2024-06-05,137.38750000000002,23.787499999999998,112.25,1.2083333333333333,0.5916666666666667,79.83333333333333,0.26833333333333337,269.0833333333333,2.6104166666666666,75.375,82.29166666666667
2024-06-06,112.28333333333335,21.191666666666666,101.375,1.1125,0.5541666666666666,82.04166666666667,0.3408333333333333,211.04166666666666,2.5854166666666667,94.33333333333333,97.45833333333333
2024-06-07,47.10833333333333,15.137500000000001,100.33333333333333,1.0458333333333334,0.49583333333333335,81.41666666666667,0.26666666666666666,53.916666666666664,2.55625,63.833333333333336,71.29166666666667
2024-06-08,34.670833333333334,12.424999999999999,105.41666666666667,1.1583333333333334,0.5541666666666666,67.0,0.4008333333333334,32.291666666666664,2.49375,54.166666666666664,37.041666666666664
2024-06-09,40.791666666666664,13.504166666666668,103.29166666666667,1.0166666666666666,0.9208333333333334,72.375,0.4266666666666667,46.666666666666664,2.558333333333333,51.041666666666664,34.083333333333336
2024-06-10,75.81666666666666,13.908333333333333,105.04166666666667,1.3166666666666667,1.3,85.125,0.40041666666666664,141.91666666666666,2.4791666666666665,56.5,63.375
2024-06-11,161.84583333333333,22.495833333333334,97.875,1.3291666666666666,0.7374999999999999,77.16666666666667,0.5704166666666667,342.5,2.275,74.54166666666667,81.66666666666667
2024-06-12,234.61666666666667,43.5625,104.5,1.1541666666666666,0.5625,70.45833333333333,0.60125,477.9166666666667,2.2166666666666663,127.25,123.95833333333333
2024-06-13,245.85,57.175000000000004,104.875,1.0333333333333334,0.4875,78.83333333333333,0.6483333333333333,463.25,2.1354166666666665,143.08333333333334,135.58333333333334
2024-06-14,273.02916666666664,52.45416666666667,103.25,1.3416666666666668,0.9791666666666666,77.70833333333333,0.60125,553.8333333333334,2.0854166666666667,153.5,143.08333333333334
2024-06-15,194.91666666666666,51.17083333333333,119.83333333333333,1.9208333333333334,1.4875,84.33333333333333,0.505,361.4166666666667,1.8375000000000001,146.125,135.70833333333334
2024-06-16,167.65416666666667,34.25416666666667,91.875,0.8708333333333332,0.6291666666666667,74.33333333333333,0.6475000000000001,326.1666666666667,2.185416666666667,122.83333333333333,111.20833333333333
2024-06-17,196.16666666666666,26.78333333333333,93.16666666666667,0.7166666666666667,0.5791666666666667,72.91666666666667,0.74125,417.5833333333333,2.0458333333333334,116.41666666666667,115.25
2024-06-18,184.2541666666667,30.84166666666667,100.5,1.7791666666666668,3.1958333333333333,87.91666666666667,0.3983333333333334,381.625,2.1416666666666666,121.16666666666667,118.79166666666667
2024-06-19,66.1125,30.575,137.125,1.9791666666666667,2.9625,76.58333333333333,0.2554166666666667,79.58333333333333,1.8104166666666668,86.75,83.33333333333333
2024-06-20,181.07916666666665,35.983333333333334,94.5,1.2375,0.6666666666666666,68.41666666666667,0.48333333333333334,357.5,2.316666666666667,104.375,88.875
2024-06-21,350.5833333333333,74.00416666666666,109.20833333333333,1.1291666666666667,0.5916666666666667,78.16666666666667,0.72625,693.5416666666666,1.9854166666666666,150.83333333333334,142.66666666666666
2024-06-22,308.4583333333333,62.854166666666664,100.375,1.0916666666666666,0.6416666666666667,79.20833333333333,0.8329166666666666,618.4166666666666,1.9020833333333333,196.33333333333334,178.54166666666666
2024-06-23,256.3333333333333,59.32916666666667,95.45833333333333,1.1708333333333334,0.7708333333333334,82.95833333333333,0.6983333333333334,492.7083333333333,2.0187500000000003,169.08333333333334,157.20833333333334
2024-06-24,123.39999999999999,25.370833333333334,92.75,0.9375,0.7333333333333334,90.29166666666667,0.52625,231.375,2.225,124.66666666666667,121.625
2024-06-25,52.979166666666664,20.654166666666665,99.625,0.8958333333333334,0.7416666666666667,88.625,0.455,48.916666666666664,2.3125,66.91666666666667,66.16666666666667
2024-06-26,63.775000000000006,22.629166666666666,101.54166666666667,0.75,0.525,77.66666666666667,0.47041666666666665,67.875,2.3208333333333333,72.95833333333333,64.25
2024-06-27,95.825,19.483333333333334,107.41666666666667,0.8458333333333333,0.5875,72.625,0.39458333333333334,171.91666666666666,2.375,66.29166666666667,67.5
2024-06-28,178.98333333333335,32.729166666666664,96.875,1.0250000000000001,0.6541666666666667,71.16666666666667,0.4679166666666667,364.0,2.1958333333333333,95.29166666666667,98.25
2024-06-29,177.16666666666666,41.02916666666667,97.41666666666667,1.0458333333333334,0.7374999999999999,65.04166666666667,0.5775,339.125,2.1229166666666663,112.375,111.75
2024-06-30,196.8791666666667,43.824999999999996,99.75,0.7416666666666667,0.5583333333333333,68.625,0.7466666666666666,377.5833333333333,2.0291666666666663,117.70833333333333,115.875
2024-07-01,237.95416666666665,41.958333333333336,101.29166666666667,0.6375000000000001,0.5416666666666666,70.95833333333333,0.85125,481.4166666666667,1.7270833333333335,126.16666666666667,122.41666666666667
2024-07-02,169.34583333333333,42.199999999999996,109.95833333333333,1.0541666666666667,1.1375,67.20833333333333,0.4604166666666667,303.9583333333333,2.341666666666667,134.20833333333334,128.625
2024-07-03,52.74166666666667,24.287499999999998,113.20833333333333,0.8291666666666666,0.5958333333333333,55.583333333333336,0.52125,49.625,2.285416666666667,101.16666666666667,83.41666666666667
2024-07-04,88.57916666666667,33.175000000000004,100.75,0.5916666666666667,0.375,56.625,0.7512500000000001,112.04166666666667,1.9104166666666667,74.54166666666667,54.458333333333336
2024-07-05,147.13750000000002,46.81666666666666,96.29166666666667,0.8083333333333332,1.0541666666666667,76.0,0.9745833333333334,182.41666666666666,1.7625,116.20833333333333,87.625
2024-07-06,130.45000000000002,44.925000000000004,94.625,1.1916666666666667,1.4833333333333334,65.41666666666667,0.7258333333333334,161.45833333333334,2.120833333333333,125.375,100.91666666666667
2024-07-07,90.78333333333335,43.4625,94.25,1.4166666666666667,0.7416666666666667,50.208333333333336,0.4770833333333333,91.04166666666667,1.8250000000000002,128.29166666666666,84.75
2024-07-08,42.425000000000004,19.879166666666666,94.91666666666667,0.7291666666666666,0.46249999999999997,47.375,0.47458333333333336,34.625,1.9833333333333334,85.29166666666667,58.625
2024-07-09,141.225,33.579166666666666,97.25,0.7416666666666667,0.6333333333333334,65.75,0.6295833333333333,247.08333333333334,2.127083333333333,78.5,68.79166666666667
2024-07-10,241.7875,62.94166666666666,98.0,1.2625,1.4291666666666665,81.91666666666667,0.5208333333333334,449.1666666666667,2.1104166666666666,135.70833333333334,125.875
2024-07-11,132.4125,35.9625,98.625,1.4416666666666667,1.825,69.33333333333333,0.3566666666666667,234.79166666666666,2.4812499999999997,137.04166666666666,119.95833333333333
2024-07-12,82.6875,27.474999999999998,105.95833333333333,0.8083333333333332,0.6041666666666666,49.0,0.56875,125.0,2.1645833333333333,81.91666666666667,74.41666666666667
2024-07-13,86.25,30.837500000000002,100.04166666666667,0.6625,0.5333333333333333,45.625,0.5845833333333333,122.20833333333333,2.158333333333333,90.41666666666667,76.66666666666667
2024-07-14,79.69166666666666,29.633333333333336,97.20833333333333,0.8250000000000001,0.8208333333333333,43.666666666666664,0.4875,111.75,2.339583333333333,85.625,71.41666666666667
2024-07-15,69.65833333333333,28.445833333333336,88.54166666666667,0.7708333333333334,0.6791666666666667,39.958333333333336,0.405,88.25,2.5229166666666667,92.45833333333333,73.0
2024-07-16,62.604166666666664,23.195833333333336,84.41666666666667,0.65,0.5333333333333333,38.125,0.40875,75.95833333333333,2.3729166666666663,74.45833333333333,63.291666666666664
2024-07-17,79.34166666666667,25.425,91.04166666666667,0.6541666666666667,0.5833333333333334,40.458333333333336,0.3695833333333334,115.91666666666667,2.46875,76.41666666666667,68.58333333333333
2024-07-18,68.30833333333332,22.170833333333334,98.875,0.9083333333333333,0.7916666666666666,45.666666666666664,0.305,97.54166666666667,1.4354166666666668,77.75,71.375
2024-07-19,26.120833333333334,12.808333333333332,137.08333333333334,1.7791666666666668,3.6999999999999997,82.95833333333333,0.38958333333333334,22.291666666666668,2.254166666666667,65.54166666666667,58.166666666666664
2024-07-20,44.00833333333333,20.775000000000002,104.625,0.6291666666666667,0.55,64.0,0.6541666666666667,34.791666666666664,2.0124999999999997,56.125,32.125
2024-07-21,87.75416666666666,23.933333333333334,104.91666666666667,0.5625,0.5499999999999999,57.75,0.67,133.5,2.0854166666666667,73.79166666666667,64.33333333333333
2024-07-22,90.64166666666667,23.116666666666664,101.79166666666667,0.6833333333333332,0.6208333333333333,53.125,0.6716666666666667,148.95833333333334,2.16875,75.25,78.04166666666667
2024-07-23,101.45833333333333,30.583333333333332,106.0,0.8208333333333333,0.6208333333333333,40.75,0.61625,155.54166666666666,2.03125,79.25,76.5
2024-07-24,89.89583333333333,25.479166666666668,105.0,1.1791666666666667,1.0208333333333333,48.416666666666664,0.46125,147.58333333333334,2.0395833333333333,85.58333333333333,78.91666666666667
2024-07-25,76.24166666666666,24.287499999999998,95.91666666666667,0.7791666666666667,0.46249999999999997,44.708333333333336,0.2558333333333333,118.125,0.875,82.04166666666667,78.04166666666667
2024-07-26,23.1125,11.920833333333334,104.08333333333333,1.1041666666666667,0.7999999999999999,50.166666666666664,0.11958333333333333,21.208333333333332,1.2416666666666667,59.208333333333336,41.375
2024-07-27,38.68333333333333,15.825000000000001,101.16666666666667,0.6875,0.5666666666666667,45.5,0.3283333333333333,44.25,2.4125,52.708333333333336,28.541666666666668
2024-07-28,78.60416666666667,25.104166666666668,95.16666666666667,0.5208333333333334,0.5416666666666666,48.833333333333336,0.5008333333333334,107.66666666666667,2.2375000000000003,67.20833333333333,58.791666666666664
2024-07-29,91.37916666666666,21.45,97.0,0.6875,0.775,61.791666666666664,0.5466666666666666,156.54166666666666,2.316666666666667,76.45833333333333,75.0
2024-07-30,115.1875,21.283333333333335,89.83333333333333,0.7541666666666668,0.7916666666666666,54.125,0.5033333333333333,228.41666666666666,2.3958333333333335,76.91666666666667,83.25
2024-07-31,50.89166666666667,12.6,84.16666666666667,0.6208333333333333,0.5166666666666667,58.541666666666664,0.39125000000000004,80.79166666666667,2.535416666666667,64.29166666666667,73.20833333333333
2024-08-01,46.645833333333336,18.083333333333332,94.16666666666667,0.48333333333333334,0.49583333333333335,58.125,0.47333333333333333,39.666666666666664,2.216666666666667,52.375,43.041666666666664
2024-08-02,70.75,22.695833333333336,115.54166666666667,0.6,0.5208333333333334,65.41666666666667,0.58875,85.625,1.6604166666666667,70.125,62.416666666666664
2024-08-03,79.81666666666666,25.683333333333334,117.41666666666667,1.1083333333333334,1.6083333333333334,63.833333333333336,0.5283333333333333,99.66666666666667,2.0604166666666663,76.16666666666667,72.95833333333333
2024-08-04,37.95,14.9625,109.04166666666667,1.2708333333333333,1.3041666666666667,53.083333333333336,0.26416666666666666,34.458333333333336,1.2229166666666667,73.83333333333333,64.58333333333333
2024-08-05,17.008333333333333,6.616666666666667,106.125,1.0208333333333333,1.05,56.208333333333336,0.12625,17.333333333333332,2.439583333333333,35.541666666666664,26.291666666666668
2024-08-06,44.52916666666667,14.966666666666667,99.625,1.0,1.5083333333333335,61.5,0.21875,60.166666666666664,2.7083333333333335,44.916666666666664,33.958333333333336
2024-08-07,36.324999999999996,15.549999999999999,109.29166666666667,1.3666666666666665,3.025,70.375,0.28958333333333336,37.041666666666664,2.25625,60.375,50.0
2024-08-08,19.05,8.6125,108.41666666666667,1.1375,1.4375,46.208333333333336,0.24541666666666664,16.791666666666668,2.3458333333333337,44.416666666666664,25.458333333333332
2024-08-09,34.333333333333336,14.179166666666667,106.04166666666667,0.5666666666666667,0.44166666666666665,45.958333333333336,0.4675,34.291666666666664,2.2624999999999997,42.791666666666664,23.75
2024-08-10,75.72083333333333,25.208333333333332,97.16666666666667,0.5958333333333333,0.5875,57.041666666666664,0.5570833333333334,97.20833333333333,2.2083333333333335,68.58333333333333,58.291666666666664
2024-08-11,90.78333333333335,26.21666666666667,100.125,1.1791666666666667,1.8333333333333333,63.083333333333336,0.43291666666666667,141.58333333333334,2.3125,81.625,76.5
2024-08-12,17.604166666666668,8.487499999999999,101.83333333333333,0.9666666666666667,0.9083333333333333,41.833333333333336,0.1708333333333333,11.125,2.622916666666667,54.791666666666664,45.625
2024-08-13,67.83333333333333,21.7375,104.41666666666667,0.5333333333333333,0.42083333333333334,38.583333333333336,0.38625,97.625,2.4875,51.541666666666664,36.291666666666664
2024-08-14,77.42083333333333,22.4875,100.45833333333333,0.4708333333333334,0.3958333333333333,48.5,0.6170833333333333,120.33333333333333,1.9166666666666667,78.125,74.04166666666667
2024-08-15,53.99583333333334,15.741666666666667,105.375,0.9958333333333332,1.5541666666666665,57.75,0.43291666666666667,81.0,2.1041666666666665,63.875,66.04166666666667
2024-08-16,18.620833333333334,9.875,116.95833333333333,1.0166666666666666,1.1208333333333333,41.375,0.12,3.9583333333333335,2.6145833333333335,50.5,37.0
2024-08-17,27.7,14.445833333333333,122.20833333333333,0.8624999999999999,0.6875,41.666666666666664,0.17958333333333334,13.75,1.6187500000000001,45.916666666666664,22.333333333333332
2024-08-18,31.354166666666668,13.708333333333334,125.25,0.5583333333333333,0.3416666666666666,42.458333333333336,0.34375,24.541666666666668,2.1999999999999997,57.75,33.083333333333336
2024-08-19,28.866666666666664,11.754166666666668,116.75,0.6124999999999999,0.2916666666666667,41.875,0.20750000000000002,30.041666666666668,1.28125,50.458333333333336,28.958333333333332
2024-08-20,39.1625,12.754166666666668,119.125,0.6916666666666668,0.5583333333333333,50.583333333333336,0.27416666666666667,50.583333333333336,2.1,50.0,32.833333333333336
2024-08-21,41.329166666666666,13.895833333333334,125.875,1.2375,3.1291666666666664,68.125,0.25458333333333333,50.916666666666664,2.1999999999999997,52.833333333333336,43.291666666666664
2024-08-22,17.3625,7.558333333333334,126.625,1.7083333333333333,3.470833333333333,58.625,0.15833333333333333,13.333333333333334,2.7229166666666664,46.208333333333336,34.625
2024-08-23,25.3,10.441666666666666,119.70833333333333,0.9958333333333332,1.5791666666666666,67.70833333333333,0.16,21.958333333333332,2.797916666666667,35.0,27.208333333333332
2024-08-24,52.28333333333333,20.349999999999998,125.79166666666667,0.7291666666666666,0.5291666666666667,51.291666666666664,0.5,61.416666666666664,1.16875,56.041666666666664,36.25
2024-08-25,90.62916666666666,23.162499999999998,130.75,1.1500000000000001,1.2583333333333333,61.625,0.5499999999999999,158.58333333333334,1.9479166666666667,75.125,72.625
2024-08-26,16.041666666666668,8.575000000000001,146.375,1.0999999999999999,1.1958333333333333,44.708333333333336,0.12125000000000001,2.7083333333333335,2.7291666666666665,54.583333333333336,48.291666666666664
2024-08-27,11.6875,6.2124999999999995,138.70833333333334,0.7541666666666668,0.6749999999999999,42.083333333333336,0.23291666666666666,0.3333333333333333,2.3895833333333334,33.541666666666664,17.291666666666668
2024-08-28,22.8125,10.291666666666666,107.41666666666667,0.5666666666666667,0.3833333333333333,41.333333333333336,0.4175,16.083333333333332,2.1395833333333334,24.333333333333332,16.791666666666668
2024-08-29,78.34583333333333,22.383333333333336,115.125,0.9416666666666668,1.2750000000000001,58.791666666666664,0.6416666666666667,119.54166666666667,1.4520833333333334,62.291666666666664,51.125
2024-08-30,40.375,15.791666666666666,122.66666666666667,1.5333333333333332,2.3291666666666666,50.208333333333336,0.21166666666666667,48.833333333333336,2.43125,65.0,66.54166666666667
2024-08-31,24.45,10.508333333333333,116.33333333333333,0.8166666666666668,0.7083333333333334,37.166666666666664,0.29083333333333333,20.541666666666668,2.39375,53.458333333333336,30.666666666666668
2024-09-01,25.8,9.116666666666667,100.33333333333333,0.7458333333333332,0.575,39.083333333333336,0.3358333333333334,30.791666666666668,2.095833333333333,35.791666666666664,21.041666666666668
2024-09-02,87.02499999999999,17.979166666666668,108.5,0.9291666666666667,0.8416666666666667,63.541666666666664,0.48041666666666666,166.125,1.9916666666666665,51.75,51.875
2024-09-03,45.525,12.570833333333333,109.54166666666667,0.8833333333333333,0.6458333333333334,46.291666666666664,0.4354166666666666,73.625,1.7562499999999999,62.25,71.0
2024-09-04,34.520833333333336,11.583333333333334,128.29166666666666,0.6083333333333333,0.4583333333333333,62.333333333333336,0.435,41.0,2.308333333333333,44.833333333333336,33.5
2024-09-05,40.291666666666664,17.441666666666666,134.625,0.4666666666666666,0.4166666666666667,74.16666666666667,0.3875,25.916666666666668,2.3354166666666667,56.0,40.875
2024-09-06,30.304166666666664,13.366666666666667,131.33333333333334,0.5666666666666667,0.5333333333333333,72.33333333333333,0.3425,13.708333333333334,2.1062499999999997,58.958333333333336,35.916666666666664
2024-09-07,31.28333333333333,11.674999999999999,131.41666666666666,0.7708333333333334,0.8375,68.70833333333333,0.35541666666666666,27.916666666666668,2.1583333333333337,49.791666666666664,29.166666666666668
2024-09-08,34.791666666666664,10.3125,129.25,0.6666666666666666,0.7541666666666668,70.66666666666667,0.4041666666666666,43.625,2.29375,45.541666666666664,34.583333333333336
2024-09-09,76.37083333333334,14.5375,140.91666666666666,1.0625,0.8541666666666666,77.16666666666667,0.2225,141.75,2.004166666666667,46.666666666666664,44.791666666666664
2024-09-10,26.604166666666668,9.495833333333334,171.41666666666666,1.8291666666666666,1.9875,52.875,0.1366666666666667,32.833333333333336,1.5104166666666667,56.833333333333336,64.20833333333333
2024-09-11,15.808333333333332,8.762500000000001,164.125,0.8708333333333332,0.5333333333333333,45.25,0.14375000000000002,0.08333333333333333,2.3208333333333333,38.375,19.333333333333332
2024-09-12,69.98333333333333,17.441666666666666,127.16666666666667,0.6916666666666668,0.43333333333333335,58.708333333333336,0.2708333333333333,115.16666666666667,2.372916666666667,37.375,27.0
2024-09-13,187.225,32.766666666666666,125.83333333333333,1.0208333333333333,1.1375,86.79166666666667,0.5525,375.625,1.9208333333333334,90.125,93.5
2024-09-14,88.24166666666667,18.929166666666667,151.16666666666666,1.6624999999999999,3.1625,87.625,0.27166666666666667,168.58333333333334,2.377083333333333,108.20833333333333,108.58333333333333
2024-09-15,27.2375,11.487499999999999,174.83333333333334,2.279166666666667,3.391666666666667,72.58333333333333,0.20833333333333334,29.25,1.7291666666666667,47.5,42.833333333333336
2024-09-16,53.60833333333333,21.358333333333334,154.0,1.5291666666666668,2.308333333333333,68.08333333333333,0.20083333333333334,70.41666666666667,1.8145833333333332,58.25,40.166666666666664
2024-09-17,59.425000000000004,23.724999999999998,133.25,1.2750000000000001,1.4791666666666667,66.25,0.21166666666666667,80.20833333333333,0.6124999999999999,75.79166666666667,64.875
2024-09-18,59.3125,21.229166666666668,122.20833333333333,0.6583333333333333,0.6333333333333333,64.95833333333333,0.3095833333333333,78.41666666666667,2.2979166666666666,71.41666666666667,63.791666666666664
2024-09-19,106.52083333333333,26.03333333333333,117.70833333333333,0.6666666666666666,0.6166666666666666,58.833333333333336,0.3345833333333333,185.79166666666666,2.0708333333333333,72.91666666666667,70.08333333333333
2024-09-20,60.4,14.5375,118.33333333333333,0.8416666666666667,0.6791666666666667,62.625,0.18000000000000002,97.79166666666667,2.4541666666666666,70.41666666666667,74.33333333333333
2024-09-21,93.69583333333333,18.608333333333334,117.29166666666667,0.8833333333333333,0.6958333333333333,68.125,0.17208333333333334,171.91666666666666,2.50625,62.708333333333336,71.875
2024-09-22,68.125,19.941666666666666,135.16666666666666,1.2125000000000001,1.0541666666666667,69.25,0.22916666666666666,110.625,1.1375,70.70833333333333,76.75
2024-09-23,10.620833333333334,6.279166666666666,172.54166666666666,2.2291666666666665,3.283333333333333,75.5,0.1075,5.083333333333333,2.4833333333333334,51.833333333333336,42.916666666666664
2024-09-24,18.3,10.6875,175.41666666666666,2.5083333333333333,5.8,96.375,0.19666666666666666,4.375,2.4166666666666665,49.25,41.166666666666664
2024-09-25,33.18333333333333,15.541666666666666,169.54166666666666,1.55,2.7083333333333335,92.0,0.33041666666666664,27.5,1.89375,59.958333333333336,39.208333333333336
2024-09-26,8.608333333333333,5.566666666666666,149.41666666666666,2.6875,2.8666666666666667,53.166666666666664,0.08583333333333333,1.6666666666666667,0.7583333333333333,39.25,23.458333333333332
2024-09-27,24.520833333333332,8.641666666666667,141.91666666666666,2.283333333333333,2.858333333333333,46.5,0.21333333333333335,32.5,1.6083333333333334,24.75,18.875
2024-09-28,77.175,20.416666666666668,173.58333333333334,2.0083333333333333,3.0583333333333336,95.625,0.27666666666666667,131.95833333333334,2.4208333333333334,65.875,58.541666666666664
2024-09-29,79.36666666666666,26.316666666666666,170.04166666666666,2.345833333333333,4.533333333333333,102.20833333333333,0.3016666666666667,120.20833333333333,1.3187499999999999,78.66666666666667,68.70833333333333
2024-09-30,87.02083333333333,29.058333333333334,165.41666666666666,2.0124999999999997,3.5749999999999997,94.375,0.44458333333333333,130.20833333333334,1.6875,85.79166666666667,74.45833333333333
2024-10-01,87.16666666666667,26.84166666666667,147.66666666666666,1.3125,1.5374999999999999,81.91666666666667,0.35958333333333337,138.125,2.1020833333333333,81.0,72.125
2024-10-02,142.91666666666666,36.612500000000004,108.41666666666667,0.7916666666666666,0.6833333333333332,64.5,0.3629166666666666,260.5833333333333,2.0749999999999997,92.79166666666667,86.20833333333333
2024-10-03,150.09166666666667,26.65833333333333,105.25,0.8083333333333332,0.7583333333333333,69.16666666666667,0.35874999999999996,309.0416666666667,2.1062499999999997,101.70833333333333,101.70833333333333
2024-10-04,68.27916666666667,19.150000000000002,135.16666666666666,2.504166666666667,5.208333333333333,81.16666666666667,0.24791666666666667,117.08333333333333,1.4770833333333335,80.54166666666667,85.5
2024-10-05,9.004166666666666,6.266666666666667,186.20833333333334,2.6041666666666665,6.095833333333334,86.16666666666667,0.20625000000000002,0.041666666666666664,2.316666666666667,59.75,52.5
2024-10-06,16.916666666666668,7.3875,165.70833333333334,1.2708333333333333,2.1,83.45833333333333,0.2608333333333333,11.666666666666666,2.19375,43.375,33.458333333333336
2024-10-07,85.0,26.083333333333332,96.75,1.0208333333333333,0.7708333333333334,55.208333333333336,0.2579166666666667,133.41666666666666,2.2979166666666666,58.958333333333336,47.916666666666664
2024-10-08,144.45416666666668,28.3875,90.625,1.6333333333333335,1.5374999999999999,58.458333333333336,0.22041666666666668,290.5833333333333,2.28125,87.75,88.04166666666667
2024-10-09,170.61666666666667,43.9,87.625,1.0791666666666666,1.0,55.75,0.26166666666666666,313.6666666666667,2.216666666666667,106.91666666666667,104.25
2024-10-10,27.570833333333336,12.987499999999999,131.58333333333334,1.4583333333333333,1.1916666666666667,45.125,0.12125000000000001,30.166666666666668,0.6833333333333335,90.5,81.5
2024-10-11,10.6875,6.204166666666667,146.91666666666666,2.4541666666666666,4.458333333333333,55.541666666666664,0.12208333333333334,2.375,0.9104166666666668,29.625,23.875
2024-10-12,24.054166666666664,11.575000000000001,159.79166666666666,2.8083333333333336,7.716666666666666,87.625,0.18083333333333332,13.666666666666666,1.6458333333333333,43.583333333333336,37.125
2024-10-13,29.962500000000002,11.575000000000001,113.5,0.8875000000000001,1.2750000000000001,62.041666666666664,0.18333333333333335,29.375,2.308333333333333,52.708333333333336,30.5
2024-10-14,50.5375,12.6,79.45833333333333,1.0708333333333333,1.1208333333333333,55.75,0.3225,77.25,2.0124999999999997,47.125,35.916666666666664
2024-10-15,128.07916666666668,24.77916666666667,99.125,1.4833333333333334,2.8791666666666664,73.83333333333333,0.3179166666666667,252.08333333333334,2.058333333333333,67.08333333333333,75.33333333333333
2024-10-16,126.78750000000001,26.474999999999998,117.29166666666667,1.5041666666666667,3.2624999999999997,78.33333333333333,0.3745833333333333,243.875,1.79375,90.41666666666667,94.375
2024-10-17,83.72500000000001,23.295833333333334,125.16666666666667,1.6458333333333333,1.75,73.66666666666667,0.21083333333333332,139.75,1.3104166666666666,79.41666666666667,83.66666666666667
2024-10-18,75.11666666666666,21.279166666666665,122.125,1.4666666666666668,1.0541666666666667,73.20833333333333,0.33083333333333337,122.66666666666667,1.6541666666666668,67.58333333333333,65.70833333333333
2024-10-19,185.02916666666667,43.2125,104.625,2.029166666666667,2.5208333333333335,76.5,0.22458333333333333,354.9166666666667,2.1708333333333334,100.45833333333333,98.5
2024-10-20,132.4,47.77916666666667,100.0,1.3666666666666665,1.1875,61.541666666666664,0.25625000000000003,204.20833333333334,2.15625,110.91666666666667,97.16666666666667
2024-10-21,164.71666666666667,46.29583333333333,112.33333333333333,1.8041666666666665,1.625,70.79166666666667,0.325,295.5833333333333,2.0083333333333333,142.29166666666666,103.54166666666667
2024-10-22,98.4875,32.18333333333333,146.75,2.6333333333333333,1.675,90.08333333333333,0.2558333333333333,160.45833333333334,2.0708333333333333,108.875,94.54166666666667
2024-10-23,87.66250000000001,36.233333333333334,134.41666666666666,1.8208333333333335,1.9333333333333333,76.79166666666667,0.26208333333333333,121.08333333333333,2.002083333333333,91.25,72.66666666666667
2024-10-24,70.21249999999999,23.820833333333336,118.79166666666667,2.1958333333333333,1.5666666666666667,69.5,0.27499999999999997,109.20833333333333,2.0,97.16666666666667,74.91666666666667
2024-10-25,62.37083333333334,21.370833333333334,154.83333333333334,2.2875,1.7,96.25,0.27166666666666667,96.875,2.0520833333333335,74.25,64.625
2024-10-26,59.020833333333336,21.84166666666667,234.45833333333334,2.8708333333333336,1.3416666666666668,91.54166666666667,0.20333333333333334,86.5,2.1145833333333335,77.91666666666667,65.625
2024-10-27,176.76250000000002,54.895833333333336,145.625,1.0374999999999999,0.5583333333333333,58.041666666666664,0.22458333333333333,300.0416666666667,1.8708333333333333,95.625,82.79166666666667
2024-10-28,177.725,57.0625,146.83333333333334,0.7708333333333334,0.5416666666666666,68.375,0.2041666666666667,291.9166666666667,2.0520833333333335,154.91666666666666,117.83333333333333
2024-10-29,126.8,36.15833333333333,158.0,0.8708333333333332,0.7083333333333334,69.41666666666667,0.20458333333333334,217.0,2.058333333333333,121.20833333333333,98.66666666666667
2024-10-30,77.49166666666666,24.383333333333336,153.79166666666666,1.2333333333333334,0.7083333333333334,63.583333333333336,0.24833333333333332,119.83333333333333,1.9583333333333333,87.16666666666667,80.04166666666667
2024-10-31,60.604166666666664,23.433333333333334,158.95833333333334,2.125,0.8166666666666668,55.291666666666664,0.29875,81.54166666666667,1.76875,74.45833333333333,67.625
2024-11-01,70.97500000000001,26.854166666666668,193.20833333333334,2.3874999999999997,0.9666666666666667,58.75,0.42625,102.625,1.5833333333333333,75.54166666666667,64.95833333333333
2024-11-02,59.05833333333334,23.870833333333334,170.625,1.625,0.6708333333333334,58.375,0.30291666666666667,73.66666666666667,1.8812499999999999,86.125,69.0
2024-11-03,26.21666666666667,12.879166666666668,144.70833333333334,1.2833333333333334,0.5916666666666667,66.16666666666667,0.18125,13.583333333333334,2.00625,59.208333333333336,41.583333333333336
2024-11-04,55.63333333333333,15.495833333333332,139.25,1.1166666666666667,0.5708333333333333,72.70833333333333,0.1675,84.125,1.98125,51.25,36.625
2024-11-05,63.39166666666667,23.016666666666666,145.54166666666666,1.4458333333333335,0.6,56.208333333333336,0.21041666666666667,91.375,1.8770833333333332,64.29166666666667,66.20833333333333
2024-11-06,59.32916666666667,25.041666666666668,222.58333333333334,2.3375,0.9874999999999999,72.66666666666667,0.26125000000000004,76.20833333333333,1.8145833333333332,81.79166666666667,66.66666666666667
2024-11-07,62.10833333333333,20.608333333333334,270.7083333333333,2.566666666666667,1.1500000000000001,80.41666666666667,0.22291666666666665,96.91666666666667,1.8520833333333335,71.125,63.916666666666664
2024-11-08,67.17083333333333,19.587500000000002,258.2083333333333,2.6999999999999997,1.3791666666666667,99.83333333333333,0.255,110.04166666666667,1.8041666666666665,77.66666666666667,65.75
2024-11-09,46.62916666666666,17.791666666666668,235.29166666666666,2.704166666666667,1.4749999999999999,103.91666666666667,0.22624999999999998,59.125,1.84375,77.41666666666667,62.708333333333336
2024-11-10,68.15416666666667,25.129166666666666,230.25,2.4125,1.0041666666666667,87.20833333333333,0.23625,96.75,1.8208333333333335,67.58333333333333,60.583333333333336
2024-11-11,73.30416666666666,25.708333333333332,197.91666666666666,2.404166666666667,0.8250000000000001,70.70833333333333,0.2525,110.66666666666667,1.5958333333333332,82.125,70.08333333333333
2024-11-12,59.7875,16.912499999999998,149.95833333333334,1.4124999999999999,0.8624999999999999,61.916666666666664,0.22166666666666668,86.625,1.8041666666666665,69.45833333333333,65.29166666666667
2024-11-13,65.8875,19.291666666666668,148.79166666666666,1.575,1.3416666666666668,70.04166666666667,0.19666666666666666,79.83333333333333,1.7833333333333332,59.791666666666664,63.5
2024-11-14,89.39166666666667,23.7375,140.125,0.9708333333333333,1.3291666666666666,67.20833333333333,0.16458333333333333,114.16666666666667,1.8208333333333335,72.91666666666667,70.875
2024-11-15,48.19166666666666,14.487499999999999,136.95833333333334,0.8624999999999999,1.1583333333333334,69.04166666666667,0.20833333333333334,54.541666666666664,1.741666666666667,65.54166666666667,68.95833333333333
2024-11-16,38.387499999999996,15.333333333333334,135.0,0.8541666666666666,1.1833333333333333,75.25,0.41124999999999995,35.75,1.2791666666666666,54.333333333333336,49.625
2024-11-17,30.891666666666666,11.029166666666667,140.54166666666666,0.8041666666666667,0.8833333333333333,72.5,0.3283333333333333,30.041666666666668,1.5916666666666668,53.375,32.25
2024-11-18,32.44166666666667,12.029166666666667,170.875,1.2083333333333333,0.7000000000000001,68.66666666666667,0.24333333333333332,30.333333333333332,1.7,47.416666666666664,33.208333333333336
2024-11-19,52.475,17.900000000000002,179.16666666666666,1.7375,0.9375,71.0,0.23,56.25,1.5541666666666665,55.125,40.333333333333336
2024-11-20,54.30416666666667,22.291666666666668,240.04166666666666,2.7416666666666667,2.504166666666667,96.66666666666667,0.21833333333333335,54.625,1.51875,77.125,63.625
2024-11-21,69.47083333333333,30.34583333333333,262.0833333333333,2.1375,1.3833333333333335,84.70833333333333,0.3179166666666667,68.375,1.5062499999999999,78.29166666666667,61.958333333333336
2024-11-22,64.53333333333333,25.8875,187.95833333333334,1.8916666666666666,1.0,67.79166666666667,0.26,67.5,1.6333333333333335,87.91666666666667,68.125
2024-11-23,53.74166666666667,21.72083333333333,183.54166666666666,1.8833333333333335,0.9958333333333332,66.0,0.17958333333333332,54.791666666666664,1.6979166666666667,76.04166666666667,64.45833333333333
2024-11-24,42.09583333333333,16.462500000000002,165.54166666666666,1.4583333333333333,0.8375,59.625,0.16833333333333333,42.083333333333336,1.6875,65.45833333333333,55.416666666666664
2024-11-25,54.92083333333333,23.316666666666666,141.5,1.1833333333333333,0.6416666666666667,60.791666666666664,0.20333333333333334,50.958333333333336,1.6312499999999999,62.958333333333336,47.416666666666664
2024-11-26,48.30416666666667,20.279166666666665,164.20833333333334,1.9416666666666667,0.8166666666666668,57.916666666666664,0.18958333333333333,45.958333333333336,1.6541666666666668,76.25,63.083333333333336
2024-11-27,62.23333333333333,19.229166666666668,214.70833333333334,2.6916666666666664,1.1500000000000001,79.375,0.2575,76.20833333333333,1.51875,62.958333333333336,54.333333333333336
2024-11-28,51.550000000000004,17.004166666666666,195.33333333333334,2.6916666666666664,0.9708333333333333,78.5,0.21291666666666667,59.958333333333336,1.5687499999999999,63.625,63.75
2024-11-29,76.59166666666667,24.241666666666664,245.125,2.6833333333333336,0.9916666666666667,82.95833333333333,0.295,94.79166666666667,1.45625,67.83333333333333,65.5
2024-11-30,69.05416666666666,24.954166666666666,193.625,2.0791666666666666,1.175,78.91666666666667,0.22666666666666668,80.625,1.5520833333333333,74.79166666666667,68.70833333333333
2024-12-01,96.575,34.75,172.79166666666666,1.7291666666666667,1.3541666666666667,71.16666666666667,0.26833333333333337,113.375,1.40625,91.375,74.29166666666667
2024-12-02,109.02916666666665,32.90833333333333,170.375,1.625,1.3166666666666667,63.125,0.31124999999999997,138.95833333333334,1.1270833333333334,97.83333333333333,83.625
2024-12-03,110.19166666666666,31.3625,184.125,2.341666666666667,3.2375000000000003,65.875,0.3729166666666666,144.625,0.55625,87.875,77.79166666666667
2024-12-04,88.39999999999999,38.0625,194.125,1.8166666666666667,3.658333333333333,97.75,0.4083333333333334,90.95833333333333,0.32916666666666666,97.25,81.41666666666667
2024-12-05,65.0,22.058333333333334,151.58333333333334,2.025,1.3208333333333333,73.83333333333333,0.23291666666666666,77.20833333333333,1.1312499999999999,92.54166666666667,71.33333333333333
2024-12-06,94.42083333333333,28.587500000000002,154.45833333333334,2.3249999999999997,1.5458333333333334,60.458333333333336,0.16958333333333334,122.5,0.6729166666666667,80.66666666666667,76.20833333333333
2024-12-07,142.11666666666667,40.13333333333333,158.95833333333334,1.5791666666666666,1.4166666666666667,69.45833333333333,0.33125,186.41666666666666,1.26875,96.45833333333333,87.45833333333333
2024-12-08,141.05833333333334,46.699999999999996,180.95833333333334,1.7791666666666668,1.2083333333333333,70.33333333333333,0.4008333333333333,173.41666666666666,1.3291666666666668,114.95833333333333,92.0
2024-12-09,161.025,47.791666666666664,220.16666666666666,2.0625,1.4083333333333332,75.20833333333333,0.36166666666666664,206.5,1.1916666666666667,136.66666666666666,103.91666666666667
2024-12-10,103.82083333333333,29.78333333333333,160.0,1.0083333333333333,1.0833333333333333,65.375,0.28125,132.0,1.3354166666666665,109.75,91.66666666666667
2024-12-11,60.46666666666667,18.4375,135.83333333333334,0.7041666666666666,1.125,73.16666666666667,0.17041666666666666,71.16666666666667,1.5458333333333334,70.91666666666667,70.45833333333333
2024-12-12,106.72916666666667,28.27916666666667,141.16666666666666,0.6791666666666667,0.975,72.75,0.18083333333333332,138.33333333333334,1.5541666666666665,76.41666666666667,76.08333333333333
2024-12-13,100.85000000000001,27.9875,165.0,1.1958333333333333,0.9208333333333334,63.625,0.29583333333333334,129.54166666666666,1.4479166666666667,87.04166666666667,85.20833333333333
2024-12-14,104.42083333333333,31.983333333333334,224.79166666666666,3.591666666666667,2.091666666666667,88.79166666666667,0.4025,136.66666666666666,1.3895833333333334,78.70833333333333,71.91666666666667
2024-12-15,163.54583333333332,41.50833333333333,308.5,3.3249999999999997,1.8375000000000001,88.83333333333333,0.4975,226.625,1.3083333333333333,110.75,97.625
2024-12-16,88.42083333333333,28.441666666666666,205.375,2.845833333333333,1.1291666666666667,66.41666666666667,0.3725,109.875,1.2979166666666668,98.125,90.375
2024-12-17,110.28750000000001,38.5875,166.70833333333334,2.5124999999999997,0.9874999999999999,61.333333333333336,0.37958333333333333,126.41666666666667,1.2,96.75,82.29166666666667
2024-12-18,223.3125,100.03750000000001,185.70833333333334,2.0333333333333337,1.4000000000000001,63.166666666666664,0.46125,228.08333333333334,1.23125,148.45833333333334,105.25
2024-12-19,226.975,91.375,178.08333333333334,1.9208333333333334,1.3666666666666665,60.416666666666664,0.7158333333333333,248.20833333333334,1.1375,173.41666666666666,131.20833333333334
2024-12-20,203.22083333333333,75.375,182.75,1.8,1.25,67.875,0.5008333333333334,234.54166666666666,1.2791666666666666,164.58333333333334,126.875
2024-12-21,221.07916666666665,77.63333333333334,176.33333333333334,1.5166666666666666,1.0333333333333334,67.875,0.46458333333333335,261.4166666666667,1.2895833333333333,160.58333333333334,122.41666666666667
2024-12-22,193.775,64.07083333333334,147.125,1.0375,0.9500000000000001,60.083333333333336,0.39166666666666666,233.875,1.1666666666666667,159.04166666666666,125.66666666666667
2024-12-23,186.0,42.94166666666666,144.29166666666666,0.8125,0.9291666666666667,64.45833333333333,0.3429166666666667,258.0416666666667,1.4604166666666665,143.20833333333334,118.91666666666667
2024-12-24,117.93333333333334,29.608333333333334,172.04166666666666,1.2125000000000001,3.0749999999999997,76.04166666666667,0.375,156.0,1.3208333333333333,97.91666666666667,94.25
2024-12-25,69.21666666666667,20.8125,189.25,0.9791666666666666,1.8125,75.83333333333333,0.37999999999999995,82.08333333333333,1.375,78.79166666666667,79.04166666666667
2024-12-26,50.93333333333334,16.45,161.16666666666666,0.9708333333333333,0.9,80.41666666666667,0.26291666666666663,56.333333333333336,1.5479166666666666,63.375,62.666666666666664
2024-12-27,55.875,17.316666666666666,181.75,1.3458333333333332,0.6958333333333333,66.66666666666667,0.13791666666666666,64.41666666666667,1.6500000000000001,59.125,62.333333333333336
2024-12-28,57.75,19.7375,214.29166666666666,2.370833333333333,0.8083333333333332,63.833333333333336,0.16208333333333333,63.625,1.2791666666666666,64.91666666666667,63.625
2024-12-29,53.300000000000004,18.625,217.75,1.9041666666666668,0.7458333333333332,69.95833333333333,0.18708333333333335,59.208333333333336,1.6375,64.25,56.833333333333336
2024-12-30,39.15,16.566666666666666,225.625,2.379166666666667,0.8541666666666666,77.29166666666667,0.13749999999999998,37.916666666666664,1.6458333333333333,62.291666666666664,56.0
2024-12-31,60.270833333333336,27.379166666666666,213.16666666666666,2.0416666666666665,0.75,68.16666666666667,0.10666666666666667,56.291666666666664,1.6395833333333334,69.875,53.083333333333336
2025-01-01,103.85833333333333,34.112500000000004,186.25,1.4749999999999999,1.1791666666666667,64.95833333333333,0.14666666666666667,125.91666666666667,1.6104166666666666,93.04166666666667,76.25
2025-01-02,90.88333333333333,30.1125,192.79166666666666,1.5583333333333333,1.2750000000000001,69.04166666666667,0.16375,108.625,1.6312499999999999,91.04166666666667,77.33333333333333
2025-01-03,96.41250000000001,32.887499999999996,183.29166666666666,1.6916666666666667,1.3541666666666667,72.5,0.24375,114.20833333333333,1.4854166666666666,92.45833333333333,78.20833333333333
2025-01-04,120.625,38.262499999999996,177.875,1.5541666666666665,1.1500000000000001,71.95833333333333,0.25125000000000003,146.875,1.5520833333333333,101.04166666666667,83.91666666666667
2025-01-05,112.875,39.975,158.91666666666666,0.9333333333333332,1.2375,65.25,0.18625,129.125,1.5895833333333333,109.54166666666667,87.33333333333333
2025-01-06,97.90833333333335,34.31666666666667,161.41666666666666,1.2333333333333334,1.5916666666666668,65.5,0.16166666666666665,112.0,1.6125,105.625,81.75
2025-01-07,92.05,33.21666666666667,180.29166666666666,1.825,1.2583333333333333,67.5,0.18416666666666667,103.875,1.5791666666666666,93.79166666666667,77.66666666666667
2025-01-08,106.27499999999999,40.141666666666666,185.70833333333334,2.0541666666666667,0.9874999999999999,67.08333333333333,0.22833333333333336,116.91666666666667,1.5645833333333332,102.83333333333333,79.0
2025-01-09,99.58749999999999,40.329166666666666,193.25,2.0708333333333333,0.8791666666666668,63.791666666666664,0.26666666666666666,103.91666666666667,1.5374999999999999,108.0,79.33333333333333
2025-01-10,114.575,49.69166666666666,209.29166666666666,2.3000000000000003,0.9,62.083333333333336,0.35874999999999996,116.45833333333333,1.51875,130.0,84.33333333333333
2025-01-11,96.97500000000001,38.87916666666667,191.20833333333334,2.5124999999999997,1.3083333333333333,68.79166666666667,0.295,103.25,1.5958333333333332,119.75,81.04166666666667
2025-01-12,101.05833333333334,40.541666666666664,198.0,2.5625,1.225,71.45833333333333,0.24833333333333332,106.91666666666667,1.5583333333333333,111.5,79.41666666666667
2025-01-13,114.375,36.59166666666666,185.79166666666666,1.7874999999999999,0.8583333333333334,59.916666666666664,0.155,137.625,1.7333333333333334,108.70833333333333,85.75
2025-01-14,93.54583333333333,30.545833333333334,173.41666666666666,1.6958333333333335,0.8083333333333332,58.625,0.13458333333333333,111.45833333333333,1.7083333333333333,96.91666666666667,80.79166666666667
2025-01-15,50.19166666666666,18.258333333333333,151.58333333333334,1.4291666666666665,0.7125,58.333333333333336,0.09833333333333333,50.708333333333336,1.7,73.45833333333333,66.54166666666667
2025-01-16,55.512499999999996,22.954166666666666,174.16666666666666,1.9874999999999998,0.9958333333333332,69.70833333333333,0.11083333333333334,53.583333333333336,1.7208333333333332,64.16666666666667,57.791666666666664
2025-01-17,90.39583333333333,30.741666666666664,184.70833333333334,1.8916666666666666,1.0416666666666667,67.41666666666667,0.24291666666666667,108.375,1.1708333333333334,87.54166666666667,72.95833333333333
2025-01-18,88.96249999999999,26.604166666666668,189.70833333333334,1.8875,1.2041666666666666,64.91666666666667,0.22624999999999998,111.54166666666667,1.25,85.45833333333333,76.625
2025-01-19,73.575,21.954166666666666,188.5,1.6333333333333335,1.0250000000000001,74.95833333333333,0.15,90.54166666666667,1.7791666666666668,77.95833333333333,73.25
2025-01-20,55.525,18.241666666666667,201.79166666666666,1.9875,0.8416666666666667,69.91666666666667,0.09791666666666667,64.66666666666667,1.8770833333333332,65.08333333333333,64.0
2025-01-21,50.475,16.929166666666667,214.66666666666666,2.004166666666667,0.85,71.91666666666667,0.18333333333333335,55.166666666666664,1.7270833333333335,60.166666666666664,55.291666666666664
2025-01-22,30.695833333333336,15.041666666666666,160.45833333333334,1.5916666666666668,0.7000000000000001,66.95833333333333,0.14333333333333334,18.416666666666668,1.7958333333333334,59.25,43.375
2025-01-23,34.637499999999996,11.487499999999999,138.04166666666666,0.75,0.5750000000000001,83.20833333333333,0.11208333333333333,31.458333333333332,1.8375000000000001,52.291666666666664,33.916666666666664
2025-01-24,74.20833333333333,20.441666666666666,149.0,0.9375,0.5499999999999999,76.25,0.22708333333333333,85.45833333333333,1.7312500000000002,53.291666666666664,50.875
2025-01-25,119.02499999999999,28.583333333333332,149.83333333333334,1.2625,0.45,66.25,0.35250000000000004,156.20833333333334,1.5541666666666665,78.79166666666667,80.79166666666667
2025-01-26,127.50416666666666,33.65833333333333,158.83333333333334,1.1333333333333333,0.45416666666666666,65.91666666666667,0.28958333333333336,164.83333333333334,1.66875,92.16666666666667,90.16666666666667
2025-01-27,130.525,35.3125,165.04166666666666,1.3916666666666666,0.5375,62.041666666666664,0.21291666666666667,167.95833333333334,1.7541666666666667,101.08333333333333,96.41666666666667
2025-01-28,108.77499999999999,36.07083333333333,164.625,1.9166666666666667,0.6958333333333333,63.708333333333336,0.18999999999999997,129.04166666666666,1.8270833333333334,98.45833333333333,85.16666666666667
2025-01-29,130.18333333333334,38.87083333333333,162.875,1.7041666666666666,0.6666666666666666,66.58333333333333,0.20458333333333334,163.41666666666666,1.8916666666666666,106.54166666666667,87.91666666666667
2025-01-30,142.25,38.19583333333333,163.66666666666666,1.4749999999999999,0.5625,65.41666666666667,0.30041666666666667,187.70833333333334,1.7208333333333332,106.625,94.16666666666667
2025-01-31,191.98333333333335,52.987500000000004,149.91666666666666,1.2583333333333333,0.6208333333333333,69.70833333333333,0.25375,251.70833333333334,1.8625,115.125,100.875
2025-02-01,191.17499999999998,54.0625,155.75,1.2166666666666666,0.625,76.20833333333333,0.24833333333333332,245.45833333333334,1.8145833333333332,151.125,124.45833333333333
2025-02-02,116.05833333333334,32.625,168.5,1.3291666666666668,0.8166666666666668,83.16666666666667,0.18833333333333335,151.41666666666666,1.8375000000000001,121.04166666666667,101.75
2025-02-03,118.77916666666665,30.966666666666665,176.41666666666666,1.375,0.7208333333333333,80.95833333333333,0.1375,156.79166666666666,1.9041666666666668,92.75,87.08333333333333
2025-02-04,88.58749999999999,21.075,176.16666666666666,1.3666666666666665,0.6458333333333334,73.70833333333333,0.14791666666666667,117.0,1.7416666666666665,77.45833333333333,80.125
2025-02-05,81.02916666666667,24.325,168.95833333333334,1.4458333333333335,0.7999999999999999,70.33333333333333,0.14333333333333334,97.125,1.9145833333333335,69.70833333333333,72.83333333333333
2025-02-06,93.79166666666667,28.412499999999998,166.75,1.5791666666666666,0.7374999999999999,73.41666666666667,0.13916666666666666,114.58333333333333,1.9458333333333335,83.45833333333333,76.16666666666667
2025-02-07,116.89583333333333,39.19166666666667,186.66666666666666,2.066666666666667,0.7208333333333333,73.0,0.25375,135.75,1.8625,93.95833333333333,80.95833333333333
2025-02-08,114.89583333333333,38.275,204.08333333333334,2.158333333333333,0.725,74.83333333333333,0.35041666666666665,135.625,1.8270833333333334,110.20833333333333,86.83333333333333
2025-02-09,128.49583333333334,46.762499999999996,214.16666666666666,1.875,0.7458333333333332,71.70833333333333,0.46458333333333335,145.33333333333334,1.73125,112.75,87.25
2025-02-10,134.17916666666667,41.56666666666667,171.29166666666666,1.4083333333333332,0.7458333333333332,65.95833333333333,0.5433333333333333,160.54166666666666,1.71875,129.58333333333334,96.25
2025-02-11,82.10833333333333,35.55416666666667,171.83333333333334,1.4583333333333333,0.8083333333333332,64.25,0.44916666666666666,75.91666666666667,1.8145833333333334,102.79166666666667,78.375
2025-02-12,93.00833333333333,35.766666666666666,166.20833333333334,2.095833333333333,0.8666666666666667,67.5,0.42,94.125,1.8499999999999999,98.41666666666667,73.125
2025-02-13,130.14583333333334,44.32916666666667,157.04166666666666,1.9749999999999999,0.7666666666666666,70.58333333333333,0.33416666666666667,145.83333333333334,1.8708333333333333,113.70833333333333,86.0
2025-02-14,168.13333333333333,53.895833333333336,163.33333333333334,2.2875,0.9249999999999999,69.75,0.3458333333333334,198.75,2.033333333333333,129.04166666666666,95.91666666666667
2025-02-15,131.29166666666666,35.36666666666667,152.95833333333334,1.6166666666666665,0.8291666666666667,80.20833333333333,0.28750000000000003,163.66666666666666,1.9270833333333333,135.16666666666666,106.58333333333333
2025-02-16,136.44166666666666,35.93333333333333,152.41666666666666,1.5541666666666665,0.6625,75.79166666666667,0.33749999999999997,175.16666666666666,1.6666666666666667,85.79166666666667,85.79166666666667
2025-02-17,98.58749999999999,29.2375,154.04166666666666,1.55,0.6541666666666667,72.58333333333333,0.20458333333333334,114.91666666666667,2.0812500000000003,101.95833333333333,91.875
2025-02-18,83.22083333333333,28.462500000000002,164.125,1.3166666666666667,0.7875000000000001,77.79166666666667,0.15375,89.125,2.1750000000000003,89.16666666666667,77.5
2025-02-19,103.95833333333333,26.266666666666666,164.79166666666666,1.0250000000000001,0.6708333333333334,74.625,0.14833333333333334,134.04166666666666,2.2416666666666667,77.45833333333333,74.08333333333333
2025-02-20,129.57083333333333,33.90833333333333,166.125,1.1833333333333333,0.4916666666666667,72.70833333333333,0.15125,167.95833333333334,2.245833333333333,89.75,88.20833333333333
2025-02-21,124.0625,38.324999999999996,172.33333333333334,1.2958333333333334,0.5541666666666666,77.75,0.11875000000000001,149.875,2.3333333333333335,110.375,96.41666666666667
2025-02-22,113.16250000000001,33.925000000000004,176.66666666666666,1.5250000000000001,0.7833333333333333,77.33333333333333,0.22166666666666668,138.54166666666666,2.095833333333333,92.66666666666667,82.875
2025-02-23,142.17916666666667,46.05416666666667,180.54166666666666,1.6333333333333335,0.8416666666666667,73.0,0.22666666666666668,170.875,2.1791666666666667,114.5,93.5
2025-02-24,146.8375,50.862500000000004,176.16666666666666,1.6624999999999999,0.6625,72.375,0.3729166666666666,171.95833333333334,2.0812500000000003,136.5,98.25
2025-02-25,104.075,33.52916666666667,175.20833333333334,1.7083333333333333,0.7833333333333333,81.5,0.3025,125.33333333333333,2.0375,117.66666666666667,91.04166666666667
2025-02-26,145.49166666666667,48.199999999999996,193.54166666666666,1.9375,0.8583333333333334,77.79166666666667,0.30291666666666667,174.70833333333334,2.0479166666666666,106.95833333333333,88.08333333333333
2025-02-27,131.30416666666667,47.18333333333334,353.375,2.2125,0.9916666666666667,78.91666666666667,0.3775,150.04166666666666,1.925,132.29166666666666,94.25
2025-02-28,104.19166666666666,32.266666666666666,220.79166666666666,1.6416666666666666,0.8041666666666667,70.70833333333333,0.29333333333333333,123.29166666666667,2.0104166666666665,115.29166666666667,89.70833333333333
2025-03-01,106.97500000000001,34.9,173.66666666666666,2.1666666666666665,0.8333333333333334,66.41666666666667,0.48416666666666663,121.16666666666667,1.2520833333333334,88.95833333333333,74.54166666666667
2025-03-02,75.63333333333334,25.958333333333332,155.33333333333334,1.5250000000000001,0.7416666666666667,84.0,0.5379166666666667,81.125,0.9249999999999999,101.5,85.04166666666667
2025-03-03,13.9125,8.558333333333334,157.95833333333334,0.8583333333333334,0.9041666666666667,89.625,0.40291666666666665,0.4166666666666667,1.5604166666666668,52.625,44.041666666666664
2025-03-04,13.354166666666666,8.116666666666667,166.625,0.8916666666666666,0.7374999999999999,84.79166666666667,0.31875000000000003,0.5,1.8541666666666667,39.375,34.041666666666664
2025-03-05,15.441666666666668,9.495833333333334,166.625,0.9458333333333333,0.725,90.29166666666667,0.3116666666666667,0.6666666666666666,2.1354166666666665,40.916666666666664,36.208333333333336
2025-03-06,19.650000000000002,9.808333333333334,173.91666666666666,0.9333333333333332,0.5875,93.91666666666667,0.3045833333333334,7.708333333333333,2.03125,43.791666666666664,37.625
2025-03-07,57.300000000000004,17.724999999999998,171.0,1.3666666666666665,0.5416666666666666,93.75,0.2808333333333333,62.666666666666664,2.2395833333333335,46.916666666666664,42.208333333333336
2025-03-08,44.71666666666667,15.012500000000001,169.29166666666666,1.6333333333333335,0.5583333333333333,90.5,0.27291666666666664,43.916666666666664,2.3270833333333334,66.33333333333333,64.41666666666667
2025-03-09,48.00416666666666,14.458333333333334,157.83333333333334,1.4708333333333332,0.5791666666666667,80.16666666666667,0.25666666666666665,50.833333333333336,2.3208333333333333,52.5,43.458333333333336
2025-03-10,57.85,15.658333333333333,175.45833333333334,1.5666666666666667,0.5875,90.08333333333333,0.3204166666666666,65.41666666666667,2.1895833333333337,55.875,57.583333333333336
2025-03-11,56.42083333333333,17.004166666666666,173.79166666666666,1.5958333333333332,0.6166666666666666,85.875,0.34041666666666665,60.458333333333336,2.2583333333333333,60.041666666666664,65.16666666666667
2025-03-12,75.3,19.941666666666666,163.79166666666666,1.3333333333333333,0.5375,79.16666666666667,0.3,90.41666666666667,2.3249999999999997,63.708333333333336,65.66666666666667
2025-03-13,71.2125,20.220833333333335,156.04166666666666,1.5208333333333333,0.5499999999999999,82.41666666666667,0.24125,83.20833333333333,2.310416666666667,64.95833333333333,67.625
2025-03-14,37.2125,13.4625,142.33333333333334,1.4875,0.5375,72.41666666666667,0.15833333333333335,33.083333333333336,2.466666666666667,63.416666666666664,61.958333333333336
2025-03-15,85.54166666666667,25.520833333333332,167.875,1.3708333333333333,0.5,76.54166666666667,0.18791666666666665,100.08333333333333,2.46875,60.875,55.0
2025-03-16,81.8,25.90416666666667,165.375,1.3458333333333332,0.49583333333333335,76.16666666666667,0.25375,92.66666666666667,2.5020833333333337,86.83333333333333,78.41666666666667
2025-03-17,93.6125,29.633333333333336,165.66666666666666,1.2833333333333334,0.4875,71.33333333333333,0.22541666666666668,107.375,2.7687500000000003,80.125,71.79166666666667
2025-03-18,127.49166666666667,36.71666666666667,162.75,1.2625,0.48333333333333334,72.08333333333333,0.22958333333333333,156.79166666666666,2.766666666666667,95.66666666666667,85.08333333333333
2025-03-19,133.73333333333332,35.22083333333333,148.45833333333334,1.3083333333333333,0.5499999999999999,84.33333333333333,0.2733333333333333,169.66666666666666,2.6229166666666663,107.20833333333333,95.41666666666667
2025-03-20,44.9375,15.166666666666666,146.125,1.2708333333333333,0.6333333333333333,94.04166666666667,0.24333333333333332,44.166666666666664,2.589583333333333,74.08333333333333,73.0
2025-03-21,79.52083333333333,21.758333333333336,156.29166666666666,1.2458333333333333,0.5833333333333334,83.20833333333333,0.22,94.45833333333333,2.627083333333333,60.166666666666664,58.458333333333336
2025-03-22,149.26250000000002,41.862500000000004,160.08333333333334,1.4208333333333334,0.6749999999999999,79.5,0.25875,186.29166666666666,2.704166666666667,80.70833333333333,80.33333333333333
2025-03-23,277.35833333333335,78.22500000000001,161.16666666666666,1.1916666666666667,0.6291666666666667,81.79166666666667,0.30833333333333335,354.3333333333333,2.63125,150.375,130.375
2025-03-24,291.97083333333336,88.32916666666667,164.66666666666666,1.1083333333333334,0.5041666666666667,86.25,0.41,365.0833333333333,2.4208333333333334,166.79166666666666,154.41666666666666
2025-03-25,218.92083333333335,68.68333333333334,170.91666666666666,1.2333333333333334,0.6041666666666666,85.625,0.3804166666666667,267.2083333333333,2.5145833333333334,162.5,140.625
2025-03-26,241.90416666666667,71.07916666666667,154.70833333333334,1.125,0.5791666666666667,81.16666666666667,0.22624999999999998,306.9166666666667,2.766666666666667,158.125,134.79166666666666
2025-03-27,177.02916666666667,44.40416666666667,153.45833333333334,1.1541666666666666,0.7791666666666667,92.25,0.21666666666666667,234.5,2.7291666666666665,150.45833333333334,126.66666666666667
2025-03-28,108.65416666666665,25.458333333333332,156.5,1.3916666666666666,1.05,101.45833333333333,0.21208333333333332,140.33333333333334,2.783333333333333,94.29166666666667,96.125
2025-03-29,40.637499999999996,16.041666666666668,163.125,1.2583333333333333,0.9541666666666667,93.91666666666667,0.28625,35.458333333333336,2.033333333333333,69.58333333333333,69.5
2025-03-30,28.479166666666668,13.441666666666668,157.58333333333334,1.3833333333333335,0.7083333333333334,86.58333333333333,0.29541666666666666,17.041666666666668,2.6458333333333335,53.708333333333336,35.25
2025-03-31,36.275,13.879166666666668,158.79166666666666,0.9,0.525,85.33333333333333,0.35874999999999996,31.833333333333332,2.7104166666666667,53.5,34.5
2025-04-01,49.12083333333334,15.945833333333333,160.70833333333334,0.8708333333333332,0.49166666666666664,85.54166666666667,0.37333333333333335,52.041666666666664,2.75,55.458333333333336,47.625
2025-04-02,59.86666666666667,16.5625,164.41666666666666,1.1166666666666667,0.7041666666666666,85.91666666666667,0.30541666666666667,69.79166666666667,2.80625,59.833333333333336,62.125
2025-04-03,26.120833333333334,12.25,156.95833333333334,1.2874999999999999,0.9208333333333334,89.95833333333333,0.2891666666666666,14.875,2.8249999999999997,55.958333333333336,49.125
2025-04-04,27.304166666666664,11.720833333333333,160.58333333333334,1.175,0.85,88.33333333333333,0.29125,17.708333333333332,2.7375000000000003,48.083333333333336,35.333333333333336
2025-04-05,60.800000000000004,16.695833333333333,162.25,1.3083333333333333,0.8208333333333333,78.25,0.3025,69.79166666666667,2.78125,54.125,48.875
2025-04-06,106.71666666666665,30.52916666666667,169.33333333333334,0.9916666666666667,0.5666666666666667,79.70833333333333,0.23666666666666666,130.75,2.8854166666666665,70.66666666666667,72.25
2025-04-07,63.49583333333334,19.358333333333334,165.625,1.2083333333333333,0.8833333333333333,83.125,0.26458333333333334,71.91666666666667,2.8083333333333336,81.875,74.33333333333333
2025-04-08,40.012499999999996,16.829166666666666,167.5,1.4000000000000001,1.0166666666666668,86.83333333333333,0.24416666666666667,33.333333333333336,2.872916666666667,64.25,61.541666666666664
2025-04-09,21.329166666666666,11.854166666666666,157.20833333333334,1.4083333333333332,1.0708333333333333,72.45833333333333,0.22,6.875,2.8937500000000003,54.833333333333336,30.958333333333332
2025-04-10,18.754166666666666,12.2875,169.5,1.4583333333333333,1.5125,82.58333333333333,0.2575,0.6666666666666666,2.6750000000000003,46.666666666666664,33.083333333333336
2025-04-11,16.504166666666666,10.799999999999999,176.83333333333334,1.2,1.5458333333333334,81.375,0.22291666666666665,0.5833333333333334,2.7854166666666664,50.5,32.541666666666664
2025-04-12,16.095833333333335,10.4625,163.375,1.0999999999999999,1.1916666666666667,79.41666666666667,0.23208333333333334,0.20833333333333334,2.8562499999999997,42.583333333333336,31.791666666666668
2025-04-13,34.420833333333334,12.116666666666667,163.16666666666666,1.1624999999999999,0.9458333333333333,79.125,0.24666666666666667,30.958333333333332,2.7895833333333333,47.166666666666664,32.25
2025-04-14,75.2375,18.0,160.25,1.325,1.0458333333333334,88.83333333333333,0.29750000000000004,94.79166666666667,2.533333333333333,53.833333333333336,50.375
2025-04-15,135.46666666666667,34.975,163.58333333333334,1.6791666666666665,1.2625,77.0,0.2675,173.41666666666666,2.6,77.58333333333333,83.04166666666667
2025-04-16,149.01666666666668,42.875,153.08333333333334,1.5416666666666667,0.9500000000000001,74.20833333333333,0.17208333333333334,186.66666666666666,2.8333333333333335,121.20833333333333,101.33333333333333
2025-04-17,163.2125,54.25,155.75,1.6416666666666666,1.1875,79.5,0.2025,191.5,2.7312499999999997,130.95833333333334,104.25
2025-04-18,203.40833333333333,65.14999999999999,164.91666666666666,1.9000000000000001,1.4583333333333333,77.29166666666667,0.37916666666666665,242.125,2.4208333333333334,152.875,109.0
2025-04-19,140.4,33.28333333333333,166.58333333333334,1.5625,1.3083333333333333,82.66666666666667,0.41250000000000003,190.79166666666666,2.433333333333333,119.91666666666667,105.45833333333333
2025-04-20,158.0,48.82916666666667,163.375,1.3625,0.9916666666666667,75.625,0.4070833333333333,191.70833333333334,2.4479166666666665,111.83333333333333,102.29166666666667
2025-04-21,47.36666666666667,23.712500000000002,192.58333333333334,1.0125,0.6,82.75,0.43291666666666667,37.416666666666664,2.5479166666666666,111.29166666666667,82.91666666666667
2025-04-22,51.199999999999996,18.883333333333333,187.95833333333334,1.4291666666666665,1.2416666666666667,82.08333333333333,0.3933333333333333,52.0,2.154166666666667,64.0,54.541666666666664
2025-04-23,108.70833333333333,43.03333333333333,167.16666666666666,1.4416666666666667,0.9541666666666666,72.375,0.345,111.0,2.5291666666666663,89.08333333333333,69.91666666666667
2025-04-24,140.6,46.550000000000004,152.95833333333334,1.2708333333333333,0.7374999999999999,71.75,0.42,164.125,2.3854166666666665,123.16666666666667,89.91666666666667
2025-04-25,153.54999999999998,48.979166666666664,155.54166666666666,1.3041666666666667,0.7708333333333334,76.33333333333333,0.5720833333333334,184.375,2.3874999999999997,127.54166666666667,98.08333333333333
2025-04-26,184.76250000000002,54.35833333333333,191.0,2.408333333333333,1.6375,78.08333333333333,0.63375,229.375,2.1708333333333334,139.16666666666666,105.16666666666667
2025-04-27,173.71666666666667,53.62916666666666,178.83333333333334,2.4583333333333335,1.95,76.20833333333333,0.6104166666666667,209.625,2.2083333333333335,151.33333333333334,115.95833333333333
2025-04-28,128.92916666666667,38.291666666666664,163.625,1.7333333333333334,1.6833333333333333,79.91666666666667,0.5170833333333333,156.375,2.3979166666666667,129.83333333333334,105.0
2025-04-29,59.458333333333336,19.525000000000002,150.54166666666666,1.375,1.3333333333333333,91.58333333333333,0.47333333333333333,61.375,2.53125,82.41666666666667,76.16666666666667
2025-04-30,51.487500000000004,19.825,150.54166666666666,1.3708333333333333,1.0791666666666666,92.41666666666667,0.5729166666666666,45.791666666666664,2.345833333333333,62.208333333333336,47.583333333333336
2025-05-01,107.84583333333335,24.3125,163.625,1.5041666666666667,1.2333333333333334,92.58333333333333,0.6954166666666666,142.04166666666666,2.1145833333333335,72.875,72.70833333333333
2025-05-02,147.7875,31.75,165.25,1.5999999999999999,1.1666666666666667,89.91666666666667,0.64875,203.375,2.1416666666666666,83.83333333333333,89.25
2025-05-03,111.34583333333335,31.695833333333336,170.91666666666666,1.4875,1.0875000000000001,77.04166666666667,0.5079166666666667,140.20833333333334,2.51875,97.54166666666667,95.54166666666667
2025-05-04,93.60416666666667,33.49166666666667,167.75,1.2416666666666667,0.8166666666666668,70.29166666666667,0.47333333333333333,102.20833333333333,2.558333333333333,94.91666666666667,80.79166666666667
2025-05-05,93.56666666666666,31.791666666666668,163.625,1.3083333333333333,0.8250000000000001,70.66666666666667,0.4483333333333333,104.91666666666667,2.50625,94.70833333333333,78.0
2025-05-06,85.05833333333334,32.479166666666664,148.625,1.0999999999999999,0.6083333333333333,68.45833333333333,0.5175,89.04166666666667,2.4250000000000003,89.70833333333333,75.45833333333333
2025-05-07,41.574999999999996,21.287499999999998,150.29166666666666,1.325,0.85,76.95833333333333,0.5804166666666667,27.333333333333332,2.3895833333333334,86.33333333333333,65.125
2025-05-08,57.57083333333333,18.912499999999998,145.79166666666666,1.0416666666666667,0.6333333333333333,72.04166666666667,0.5133333333333333,61.166666666666664,2.55625,66.45833333333333,52.416666666666664
2025-05-09,36.8375,12.366666666666667,147.75,1.3375000000000001,0.8583333333333334,80.20833333333333,0.4504166666666667,35.625,2.5625,57.291666666666664,53.0
2025-05-10,22.608333333333334,11.325000000000001,142.08333333333334,1.1875,0.8583333333333334,72.58333333333333,0.4266666666666667,10.833333333333334,2.6083333333333334,48.0,31.875
2025-05-11,18.3625,10.666666666666666,137.20833333333334,1.0208333333333333,0.7083333333333334,74.20833333333333,0.4183333333333334,3.5416666666666665,2.6645833333333333,47.25,29.708333333333332
2025-05-12,46.25416666666666,13.091666666666667,150.33333333333334,1.3125,0.775,81.58333333333333,0.44875,49.208333333333336,2.591666666666667,46.375,35.125
2025-05-13,38.86666666666667,13.608333333333334,144.20833333333334,1.2083333333333333,0.75,82.75,0.40291666666666665,36.708333333333336,2.591666666666667,51.583333333333336,42.708333333333336
2025-05-14,175.26666666666665,42.895833333333336,142.41666666666666,1.2583333333333333,0.7124999999999999,78.91666666666667,0.4604166666666667,231.375,2.4562500000000003,73.45833333333333,74.54166666666667
2025-05-15,170.29999999999998,51.77916666666667,146.45833333333334,1.3541666666666667,0.6833333333333332,72.91666666666667,0.45916666666666667,208.83333333333334,2.4583333333333335,147.0,121.16666666666667
2025-05-16,240.275,67.37916666666666,142.41666666666666,1.4875,0.9208333333333334,76.16666666666667,0.4879166666666666,308.0416666666667,2.4479166666666665,148.5,116.25
2025-05-17,97.05,26.808333333333334,136.0,1.2083333333333333,0.8375,85.04166666666667,0.22541666666666668,118.79166666666667,2.891666666666667,132.29166666666666,116.95833333333333
2025-05-18,62.0375,16.541666666666668,140.75,1.0250000000000001,0.8541666666666666,96.5,0.29791666666666666,71.04166666666667,2.7312499999999997,59.25,52.583333333333336
2025-05-19,144.07916666666668,30.212500000000002,147.41666666666666,1.4208333333333334,0.9125000000000001,83.91666666666667,0.2808333333333333,197.16666666666666,2.702083333333333,72.95833333333333,79.41666666666667
2025-05-20,170.92083333333335,40.983333333333334,145.91666666666666,1.7249999999999999,0.9958333333333335,80.54166666666667,0.31666666666666665,230.08333333333334,2.6395833333333334,110.41666666666667,108.875
2025-05-21,173.6833333333333,55.0625,163.5,2.0375,1.2375,76.95833333333333,0.6029166666666667,208.91666666666666,2.089583333333333,131.41666666666666,110.41666666666667
2025-05-22,177.41666666666666,55.87083333333334,184.04166666666666,2.2708333333333335,1.1291666666666667,75.29166666666667,0.7312500000000001,214.20833333333334,2.1083333333333334,139.83333333333334,101.58333333333333
2025-05-23,132.76250000000002,39.77916666666667,144.54166666666666,2.533333333333333,1.0666666666666667,78.91666666666667,0.7604166666666666,157.75,2.0208333333333335,139.70833333333334,109.08333333333333
2025-05-24,194.13750000000002,48.74583333333334,155.91666666666666,1.7208333333333332,1.6875,70.25,0.6566666666666666,256.0,2.2687500000000003,122.95833333333333,104.08333333333333
2025-05-25,121.29166666666667,24.858333333333334,139.45833333333334,1.5541666666666665,1.2666666666666666,74.54166666666667,0.6916666666666668,166.83333333333334,2.1458333333333335,108.79166666666667,106.375
2025-05-26,85.29583333333333,25.28333333333333,135.41666666666666,1.4124999999999999,0.7666666666666666,74.95833333333333,0.5525,101.0,2.533333333333333,74.66666666666667,78.875
2025-05-27,168.54583333333332,55.6625,152.08333333333334,2.8083333333333336,1.3166666666666667,86.41666666666667,0.6891666666666666,199.66666666666666,2.127083333333333,105.5,86.29166666666667
2025-05-28,206.92499999999998,64.39166666666667,157.41666666666666,2.4083333333333337,1.6958333333333335,73.95833333333333,0.7120833333333333,254.875,2.18125,153.79166666666666,116.95833333333333
2025-05-29,182.09166666666667,50.80416666666667,146.125,1.8875,1.0583333333333333,82.875,0.56875,230.875,2.3312500000000003,151.625,118.41666666666667
2025-05-30,100.03750000000001,27.662499999999998,140.45833333333334,1.3583333333333334,0.9083333333333333,89.04166666666667,0.5270833333333333,122.45833333333333,2.370833333333333,111.91666666666667,100.625
2025-05-31,88.87916666666666,25.141666666666666,156.33333333333334,1.4749999999999999,1.3625,89.54166666666667,0.47833333333333333,106.33333333333333,2.4166666666666665,80.25,78.0
2025-06-01,82.07083333333334,27.4875,181.45833333333334,3.1875,3.3958333333333335,105.95833333333333,0.34833333333333333,90.08333333333333,1.6041666666666667,83.33333333333333,70.58333333333333
2025-06-02,85.4375,29.075,149.29166666666666,1.6666666666666667,1.4708333333333332,73.91666666666667,0.37916666666666665,94.20833333333333,2.5541666666666667,86.375,74.45833333333333
2025-06-03,80.81666666666666,28.287499999999998,130.95833333333334,0.8583333333333334,0.8041666666666667,69.25,0.4354166666666666,85.41666666666667,2.59375,88.625,73.29166666666667
2025-06-04,188.4333333333333,48.708333333333336,138.0,1.8375000000000001,1.7333333333333334,92.75,0.47708333333333336,247.0,2.3874999999999997,97.16666666666667,87.625
2025-06-05,192.85416666666666,47.987500000000004,125.20833333333333,1.2958333333333332,1.0,67.375,0.5004166666666666,259.2916666666667,2.3541666666666665,140.20833333333334,120.875
2025-06-06,253.69583333333333,69.71666666666667,139.54166666666666,1.2208333333333334,0.9458333333333333,69.66666666666667,0.4083333333333334,330.5833333333333,2.4375,149.08333333333334,130.33333333333334
2025-06-07,219.82083333333333,52.19583333333333,141.5,1.3875,0.7541666666666668,74.25,0.32708333333333334,302.0833333333333,2.529166666666667,150.66666666666666,131.25
2025-06-08,173.1291666666667,36.920833333333334,142.66666666666666,1.2458333333333333,0.8583333333333334,79.25,0.315,244.125,2.55625,122.25,118.54166666666667
2025-06-09,74.45,20.545833333333334,128.20833333333334,1.2125000000000001,0.8041666666666667,76.91666666666667,0.3129166666666667,90.375,1.95625,95.91666666666667,96.54166666666667
2025-06-10,60.020833333333336,17.170833333333334,125.83333333333333,1.0999999999999999,0.725,78.5,0.425,68.66666666666667,2.5104166666666665,60.125,59.958333333333336
2025-06-11,113.96666666666665,27.054166666666664,130.33333333333334,1.1875,1.2625,81.08333333333333,0.5354166666666667,146.91666666666666,2.3833333333333333,69.83333333333333,73.58333333333333
2025-06-12,132.71666666666667,31.150000000000002,130.58333333333334,1.2541666666666667,1.1583333333333334,74.66666666666667,0.34208333333333335,175.75,2.625,89.0,92.375
2025-06-13,105.07083333333333,30.34583333333333,138.41666666666666,1.4666666666666668,1.8125,75.375,0.2841666666666667,129.91666666666666,2.579166666666667,93.5,91.91666666666667
2025-06-14,90.80833333333334,27.908333333333335,150.625,1.0041666666666667,0.775,72.20833333333333,0.3120833333333333,106.875,2.6416666666666666,84.95833333333333,74.625
2025-06-15,100.75833333333333,21.175,124.04166666666667,0.8250000000000001,0.7958333333333334,75.08333333333333,0.3858333333333333,136.04166666666666,2.525,71.91666666666667,72.0
2025-06-16,148.09583333333333,28.21666666666667,158.45833333333334,0.9958333333333332,1.1083333333333334,77.75,0.38958333333333334,212.875,2.4291666666666667,95.125,98.20833333333333
2025-06-17,146.80833333333334,26.666666666666668,183.41666666666666,0.9375,1.3041666666666667,82.33333333333333,0.31833333333333336,213.20833333333334,2.60625,96.0,98.75
2025-06-18,62.487500000000004,18.383333333333333,160.75,1.0458333333333334,0.9208333333333334,84.54166666666667,0.34041666666666665,70.79166666666667,2.5166666666666666,78.08333333333333,83.375
2025-06-19,41.46666666666667,22.508333333333336,148.95833333333334,0.8291666666666666,1.0416666666666667,86.625,0.43583333333333335,21.833333333333332,2.3958333333333335,67.29166666666667,51.0
2025-06-20,41.854166666666664,18.654166666666665,162.70833333333334,0.7916666666666666,1.3333333333333333,79.375,0.6058333333333333,31.083333333333332,2.0812500000000003,70.125,48.416666666666664
2025-06-21,104.78750000000001,21.920833333333334,162.08333333333334,0.7291666666666666,1.3916666666666666,82.875,0.52625,141.0,2.183333333333333,62.458333333333336,57.333333333333336
2025-06-22,164.77083333333334,32.97083333333334,158.75,0.8458333333333333,1.4000000000000001,76.125,0.4795833333333333,234.5,2.189583333333333,96.375,99.125
2025-06-23,188.975,42.44583333333333,151.16666666666666,0.8541666666666666,1.0333333333333334,68.83333333333333,0.35125,262.3333333333333,2.4812499999999997,107.375,107.875
2025-06-24,140.5875,27.541666666666668,149.16666666666666,0.7458333333333335,0.875,71.625,0.5004166666666666,198.20833333333334,2.1458333333333335,114.75,113.70833333333333
2025-06-25,148.84583333333333,28.329166666666666,147.83333333333334,0.7583333333333333,1.1291666666666667,73.5,0.54625,213.41666666666666,2.222916666666667,91.83333333333333,95.41666666666667
2025-06-26,84.33749999999999,19.295833333333334,140.04166666666666,0.5875,0.8333333333333334,72.0,0.5229166666666667,110.125,2.1374999999999997,77.54166666666667,83.875
2025-06-27,99.62916666666666,20.508333333333333,143.70833333333334,0.8666666666666667,1.7249999999999999,77.0,0.3275,135.95833333333334,2.566666666666667,66.91666666666667,75.29166666666667
2025-06-28,70.29583333333333,21.941666666666666,146.25,1.1500000000000001,2.8625000000000003,79.125,0.27125,79.45833333333333,2.1958333333333333,71.83333333333333,77.0
2025-06-29,64.59166666666667,23.266666666666666,138.125,0.9375,1.3125,71.58333333333333,0.3066666666666667,67.66666666666667,2.4833333333333334,71.75,65.04166666666667
2025-06-30,84.00416666666666,23.3625,129.25,0.6291666666666667,0.9666666666666667,64.25,0.5545833333333333,99.70833333333333,2.1374999999999997,76.375,71.0
2025-07-01,121.57083333333333,31.02916666666667,119.20833333333333,0.45,0.7083333333333334,65.875,0.7512500000000001,153.5,1.6083333333333334,80.33333333333333,81.20833333333333
2025-07-02,61.35833333333333,20.1875,119.79166666666667,0.4708333333333334,0.7333333333333334,70.25,0.6791666666666667,64.58333333333333,1.9645833333333333,81.29166666666667,77.04166666666667
2025-07-03,83.94166666666666,26.583333333333332,116.95833333333333,0.7708333333333334,1.8625,75.91666666666667,0.63875,94.16666666666667,2.1104166666666666,74.75,69.33333333333333
2025-07-04,61.479166666666664,21.72083333333333,124.95833333333333,0.8250000000000001,1.3875,70.16666666666667,0.26125,63.541666666666664,2.65625,74.54166666666667,69.25
2025-07-05,43.81666666666666,17.520833333333332,121.08333333333333,1.0291666666666666,1.8166666666666667,67.08333333333333,0.3354166666666667,40.041666666666664,2.4833333333333334,66.79166666666667,54.958333333333336
2025-07-06,91.77916666666665,28.6125,126.625,0.9166666666666666,1.8625,64.91666666666667,0.32666666666666666,106.5,2.3979166666666667,72.08333333333333,66.04166666666667
2025-07-07,63.425000000000004,23.05,119.58333333333333,0.6749999999999999,0.9333333333333332,55.0,0.3166666666666667,65.54166666666667,2.2979166666666666,81.91666666666667,72.20833333333333
2025-07-08,56.791666666666664,19.854166666666668,126.25,0.6375000000000001,0.9791666666666666,60.416666666666664,0.32208333333333333,59.666666666666664,2.2895833333333333,67.20833333333333,62.083333333333336
2025-07-09,43.95416666666667,17.383333333333333,136.91666666666666,0.75,1.1583333333333334,65.58333333333333,0.32916666666666666,41.25,2.347916666666667,65.625,59.833333333333336
2025-07-10,41.170833333333334,18.558333333333334,142.70833333333334,0.8125,1.2416666666666667,73.375,0.30625,32.083333333333336,2.43125,63.541666666666664,47.041666666666664
2025-07-11,28.8125,9.15,125.04166666666667,1.0708333333333333,2.2125,68.91666666666667,0.27458333333333335,32.541666666666664,2.55,54.833333333333336,39.541666666666664
2025-07-12,15.095833333333333,7.2,115.625,0.5833333333333334,0.6749999999999999,51.041666666666664,0.455,7.708333333333333,2.03125,26.791666666666668,22.083333333333332
2025-07-13,122.81666666666666,29.1875,127.875,0.5625,0.9625,75.83333333333333,0.7283333333333334,160.91666666666666,1.9291666666666665,57.208333333333336,50.291666666666664
2025-07-14,218.53333333333333,44.05833333333334,137.70833333333334,0.8250000000000001,1.3708333333333333,72.58333333333333,0.6887500000000001,315.0416666666667,1.7083333333333333,122.5,119.875
2025-07-15,111.7625,23.795833333333334,115.375,0.8916666666666666,1.6208333333333333,65.625,0.5625,153.79166666666666,2.0020833333333337,100.875,102.625
2025-07-16,40.21666666666667,11.525,133.5,1.8333333333333333,5.041666666666667,57.666666666666664,0.17666666666666667,48.875,2.4250000000000003,61.333333333333336,66.70833333333333
2025-07-17,60.82083333333333,17.479166666666668,119.58333333333333,0.8958333333333334,1.1791666666666667,58.541666666666664,0.29916666666666664,72.95833333333333,2.1479166666666667,56.916666666666664,59.916666666666664
2025-07-18,66.7125,22.620833333333334,129.16666666666666,1.05,1.7000000000000002,57.25,0.4033333333333333,73.875,2.3104166666666663,64.33333333333333,62.875
2025-07-19,25.349999999999998,11.504166666666668,124.125,1.3208333333333333,3.125,67.66666666666667,0.32,19.708333333333332,2.4250000000000003,66.125,56.333333333333336
2025-07-20,39.583333333333336,17.691666666666666,111.70833333333333,0.6916666666666668,0.9,49.291666666666664,0.26166666666666666,32.875,2.4250000000000003,44.625,24.166666666666668
2025-07-21,82.66250000000001,25.145833333333332,136.875,0.6875,1.2541666666666667,63.375,0.3283333333333333,95.58333333333333,2.591666666666667,75.875,64.625
2025-07-22,79.06666666666666,18.754166666666666,143.04166666666666,1.2,2.2624999999999997,78.25,0.2704166666666667,102.75,2.7104166666666667,68.75,69.95833333333333
2025-07-23,43.574999999999996,13.116666666666667,133.875,0.8125,1.2958333333333334,65.04166666666667,0.43916666666666665,50.666666666666664,2.2291666666666665,60.625,66.75
2025-07-24,50.25,19.904166666666665,136.33333333333334,0.4875,0.8958333333333334,78.29166666666667,0.48458333333333337,42.791666666666664,2.2395833333333335,58.375,55.875
2025-07-25,35.30416666666667,16.358333333333334,129.625,0.6416666666666667,1.5666666666666667,72.04166666666667,0.4379166666666667,21.875,2.3041666666666667,62.583333333333336,38.416666666666664
2025-07-26,65.60833333333333,21.870833333333334,132.54166666666666,0.9375,2.779166666666667,68.66666666666667,0.5170833333333333,67.79166666666667,2.1125000000000003,65.66666666666667,57.333333333333336
2025-07-27,51.916666666666664,15.487499999999999,131.16666666666666,0.7958333333333334,1.8416666666666668,57.125,0.3104166666666667,59.666666666666664,2.5916666666666663,65.75,64.58333333333333
2025-07-28,39.112500000000004,13.508333333333333,129.125,0.9333333333333332,1.4708333333333332,54.208333333333336,0.30125,40.958333333333336,2.466666666666667,55.583333333333336,52.083333333333336
2025-07-29,16.925,7.383333333333333,128.04166666666666,0.9083333333333333,1.6791666666666665,53.041666666666664,0.19874999999999998,13.041666666666666,2.4791666666666665,42.25,28.041666666666668
2025-07-30,18.575,10.666666666666666,130.875,0.49583333333333335,0.6333333333333333,45.291666666666664,0.31916666666666665,6.208333333333333,2.339583333333333,30.333333333333332,18.375
2025-07-31,74.3875,25.400000000000002,140.58333333333334,0.5916666666666667,1.15,67.66666666666667,0.5283333333333333,78.70833333333333,2.1583333333333337,60.375,38.875
2025-08-01,97.1875,25.425,145.70833333333334,0.9,1.9208333333333334,69.0,0.5354166666666667,123.20833333333333,2.00625,84.08333333333333,80.25
2025-08-02,64.05416666666666,18.883333333333333,143.125,0.6375000000000001,1.1833333333333333,59.708333333333336,0.49416666666666664,74.70833333333333,2.0541666666666667,71.625,72.04166666666667
2025-08-03,50.333333333333336,17.883333333333333,145.625,0.6291666666666667,1.2833333333333334,62.375,0.29041666666666666,52.0,2.2937499999999997,60.625,61.25
2025-08-04,49.262499999999996,16.054166666666667,158.125,0.7458333333333332,1.5125,77.625,0.25833333333333336,52.833333333333336,2.529166666666667,62.833333333333336,58.791666666666664
2025-08-05,81.49583333333334,20.908333333333335,156.5,1.0833333333333333,2.525,74.125,0.35791666666666666,105.54166666666667,1.9270833333333333,62.875,66.54166666666667
2025-08-06,40.612500000000004,15.3375,157.5,1.9791666666666667,7.770833333333333,82.79166666666667,0.3529166666666667,42.75,2.2395833333333335,65.375,64.83333333333333
2025-08-07,47.38333333333333,18.8125,145.95833333333334,0.65,1.05,60.125,0.3770833333333334,46.5,2.4208333333333334,53.833333333333336,34.541666666666664
2025-08-08,95.57916666666667,33.762499999999996,152.29166666666666,0.6291666666666667,0.9291666666666667,61.833333333333336,0.5529166666666666,103.91666666666667,2.2875,85.75,71.08333333333333
2025-08-09,71.9375,25.474999999999998,171.875,2.125,5.995833333333334,85.91666666666667,0.39875,81.0,1.6812500000000001,90.41666666666667,75.33333333333333
2025-08-10,7.0125,4.516666666666667,139.08333333333334,1.4666666666666668,1.9958333333333333,52.291666666666664,0.12333333333333334,0.5833333333333334,1.6833333333333333,49.0,38.708333333333336
2025-08-11,10.575000000000001,6.979166666666667,149.33333333333334,0.8291666666666666,1.4291666666666665,51.875,0.26833333333333337,0.4166666666666667,2.533333333333333,25.75,20.791666666666668
2025-08-12,18.925,8.3125,149.125,0.6916666666666668,0.9,50.291666666666664,0.3641666666666667,12.291666666666666,2.027083333333333,32.208333333333336,20.083333333333332
2025-08-13,40.791666666666664,13.958333333333334,174.58333333333334,1.0625,2.35,53.375,0.25708333333333333,43.166666666666664,2.4229166666666666,46.083333333333336,30.916666666666668
2025-08-14,36.75833333333333,13.5875,180.125,1.3083333333333333,2.3041666666666667,47.666666666666664,0.23708333333333334,37.25,1.1645833333333333,52.375,37.583333333333336
2025-08-15,25.837500000000002,13.229166666666666,169.04166666666666,2.3375,5.9875,74.125,0.24666666666666667,20.833333333333332,1.4958333333333333,56.083333333333336,36.791666666666664
2025-08-16,10.479166666666666,7.104166666666667,152.20833333333334,2.8666666666666667,8.291666666666666,75.33333333333333,0.1991666666666667,5.125,2.0833333333333335,43.083333333333336,30.916666666666668
2025-08-17,8.375,4.795833333333333,136.625,1.7708333333333333,4.016666666666667,51.5,0.15583333333333335,3.625,2.6437500000000003,29.0,20.666666666666668
2025-08-18,9.995833333333334,5.870833333333334,141.91666666666666,0.6625,0.9874999999999999,44.416666666666664,0.3804166666666667,1.875,1.8125,20.875,17.791666666666668
2025-08-19,21.787499999999998,9.245833333333334,129.33333333333334,1.0791666666666666,2.345833333333333,52.583333333333336,0.33749999999999997,17.333333333333332,1.9854166666666666,31.625,21.25
2025-08-20,20.675,9.320833333333333,122.16666666666667,0.6625,0.875,46.375,0.41041666666666665,14.541666666666666,2.0145833333333334,41.666666666666664,22.791666666666668
2025-08-21,13.741666666666667,4.545833333333333,159.625,1.0999999999999999,1.5,47.25,0.16625,14.125,1.14375,27.25,19.25
2025-08-22,7.845833333333334,3.8791666666666664,123.375,0.9916666666666667,1.5583333333333333,46.541666666666664,0.13541666666666666,3.7916666666666665,1.7270833333333335,21.833333333333332,18.541666666666668
2025-08-23,9.891666666666667,4.158333333333333,122.45833333333333,0.9333333333333335,1.5791666666666666,47.708333333333336,0.18875,7.291666666666667,2.6375,22.083333333333332,19.083333333333332
2025-08-24,16.337500000000002,6.695833333333333,137.0,0.6833333333333332,0.9166666666666666,42.833333333333336,0.5475,13.083333333333334,2.0500000000000003,21.208333333333332,17.041666666666668
2025-08-25,67.49583333333334,21.90833333333333,142.91666666666666,0.5916666666666667,0.8208333333333333,49.708333333333336,0.6458333333333334,74.45833333333333,2.1062499999999997,52.5,40.375
2025-08-26,120.55,25.920833333333334,143.33333333333334,0.7291666666666666,1.0625,65.625,0.49583333333333335,170.29166666666666,2.1479166666666667,78.91666666666667,80.45833333333333
2025-08-27,87.10000000000001,18.7,141.20833333333334,0.9249999999999999,1.4458333333333335,66.95833333333333,0.4008333333333333,118.25,2.339583333333333,75.08333333333333,81.95833333333333
2025-08-28,81.02083333333333,16.416666666666668,139.16666666666666,1.3875000000000002,4.204166666666667,69.45833333333333,0.33791666666666664,115.20833333333333,1.9312500000000001,65.70833333333333,74.54166666666667
2025-08-29,14.758333333333333,4.758333333333334,119.0,1.0,1.6875,47.375,0.2041666666666667,15.083333333333334,2.10625,44.416666666666664,46.583333333333336
2025-08-30,17.854166666666668,5.795833333333333,132.45833333333334,0.7458333333333332,1.0708333333333333,43.0,0.2004166666666667,18.75,2.4708333333333337,19.708333333333332,17.25
2025-08-31,70.40833333333333,18.270833333333332,142.79166666666666,0.8708333333333332,1.3291666666666666,67.875,0.41124999999999995,89.125,2.0458333333333334,47.333333333333336,44.916666666666664
2025-09-01,54.1625,15.512500000000001,156.70833333333334,2.095833333333333,6.195833333333333,73.58333333333333,0.46249999999999997,67.66666666666667,1.70625,63.541666666666664,70.5
2025-09-02,15.020833333333334,5.420833333333333,147.41666666666666,1.075,2.3375,60.166666666666664,0.3954166666666667,15.375,2.2895833333333333,39.625,31.0
2025-09-03,175.17083333333335,35.0375,138.58333333333334,0.7041666666666666,1.2625,65.16666666666667,0.36125,254.875,2.3375,61.5,65.08333333333333
2025-09-04,191.52083333333334,39.92916666666667,146.79166666666666,0.8916666666666666,1.6416666666666666,73.375,0.4779166666666667,277.0833333333333,2.129166666666667,124.91666666666667,121.95833333333333
2025-09-05,113.28750000000001,25.016666666666666,137.625,0.6583333333333333,0.9041666666666667,72.95833333333333,0.55125,157.79166666666666,1.9020833333333333,99.375,101.5
2025-09-06,65.00416666666666,16.666666666666668,132.5,0.6,1.0250000000000001,70.75,0.47,81.25,2.2687500000000003,66.54166666666667,72.66666666666667
2025-09-07,58.32916666666667,15.775,126.70833333333333,1.3791666666666667,3.4916666666666667,68.58333333333333,0.3179166666666667,72.20833333333333,1.375,62.75,68.375
2025-09-08,23.6375,8.354166666666666,131.41666666666666,1.6375,3.9875000000000003,62.375,0.19791666666666666,24.625,2.11875,44.791666666666664,38.708333333333336
2025-09-09,11.450000000000001,6.708333333333333,183.54166666666666,1.9000000000000001,6.391666666666667,75.95833333333333,0.2275,7.083333333333333,2.26875,35.166666666666664,32.25
2025-09-10,12.441666666666668,8.695833333333333,166.375,2.720833333333333,13.362499999999999,108.54166666666667,0.28791666666666665,6.625,2.0395833333333333,54.625,45.916666666666664
2025-09-11,28.150000000000002,10.4,186.625,1.5833333333333333,5.308333333333334,81.91666666666667,0.31916666666666665,31.125,2.002083333333333,51.375,33.625
2025-09-12,122.25,30.40416666666667,199.58333333333334,2.158333333333333,4.654166666666667,64.45833333333333,0.33125,168.70833333333334,2.0791666666666666,62.875,60.25
2025-09-13,21.72083333333333,9.354166666666666,194.375,2.7708333333333335,9.35,76.08333333333333,0.24,21.0,2.3229166666666665,75.875,73.0
2025-09-14,13.879166666666668,6.958333333333333,175.0,1.0083333333333333,2.0625,54.666666666666664,0.32,8.5,2.1791666666666667,30.25,22.125
2025-09-15,53.42083333333333,16.179166666666667,168.95833333333334,0.6583333333333333,0.9291666666666667,68.04166666666667,0.32666666666666666,61.375,2.220833333333333,44.125,35.625
2025-09-16,39.44166666666667,12.633333333333333,190.375,2.0124999999999997,2.8208333333333333,66.95833333333333,0.26666666666666666,45.041666666666664,1.3020833333333333,59.291666666666664,60.833333333333336
2025-09-17,8.895833333333334,5.354166666666667,179.75,1.8166666666666667,4.720833333333333,59.125,0.13166666666666668,2.7916666666666665,2.6229166666666663,35.416666666666664,27.625
2025-09-18,19.541666666666668,9.791666666666666,175.16666666666666,1.2708333333333333,2.0875,47.208333333333336,0.3045833333333333,10.0,2.3208333333333333,30.333333333333332,19.333333333333332
2025-09-19,25.704166666666666,10.85,189.45833333333334,2.858333333333333,6.6000000000000005,66.75,0.25416666666666665,23.458333333333332,1.4458333333333335,46.75,28.458333333333332
2025-09-20,14.504166666666668,8.325,203.0,1.8,5.4624999999999995,81.04166666666667,0.21583333333333332,7.583333333333333,2.56875,42.291666666666664,32.5
2025-09-21,27.25,10.704166666666666,156.5,0.6916666666666668,1.2625,63.75,0.3625,24.541666666666668,2.089583333333333,37.875,25.916666666666668
2025-09-22,51.90833333333333,17.004166666666666,146.54166666666666,0.875,1.4041666666666668,52.958333333333336,0.4404166666666667,56.291666666666664,1.8041666666666665,54.458333333333336,44.708333333333336
2025-09-23,30.570833333333336,12.066666666666668,169.45833333333334,1.1833333333333333,1.9791666666666667,49.083333333333336,0.24916666666666668,28.333333333333332,2.160416666666667,58.0,51.041666666666664
2025-09-24,20.904166666666665,8.041666666666666,179.20833333333334,1.2541666666666667,3.016666666666667,51.708333333333336,0.23875000000000002,20.166666666666668,2.2729166666666667,37.75,24.5
2025-09-25,25.09583333333333,11.008333333333333,211.66666666666666,2.408333333333333,9.545833333333333,72.20833333333333,0.22624999999999998,23.375,2.2895833333333333,40.625,29.291666666666668
2025-09-26,74.40833333333333,20.9375,169.16666666666666,1.1333333333333333,1.5083333333333335,66.41666666666667,0.21375,94.75,2.28125,52.041666666666664,39.208333333333336
2025-09-27,99.7,31.458333333333332,141.16666666666666,1.6208333333333333,3.1374999999999997,67.5,0.24041666666666664,121.79166666666667,1.45625,87.75,81.70833333333333
2025-09-28,137.01250000000002,36.90833333333333,143.75,0.9,1.1416666666666668,61.583333333333336,0.3458333333333334,180.20833333333334,2.2083333333333335,88.125,77.79166666666667
2025-09-29,210.77083333333334,48.25416666666666,156.16666666666666,1.3375000000000001,2.3291666666666666,78.41666666666667,0.38625,298.1666666666667,2.1687499999999997,120.29166666666667,113.04166666666667
2025-09-30,159.42499999999998,45.775,150.75,1.9833333333333334,5.6875,69.20833333333333,0.37083333333333335,207.0,2.05625,137.41666666666666,119.08333333333333
2025-10-01,77.49583333333334,19.979166666666668,138.91666666666666,1.7083333333333333,4.7124999999999995,66.16666666666667,0.2704166666666667,103.16666666666667,2.1020833333333333,92.5,86.79166666666667
2025-10-02,66.7625,21.6875,190.75,1.8499999999999999,7.2625,82.75,0.2808333333333333,81.29166666666667,2.2666666666666666,68.75,69.66666666666667
2025-10-03,42.17916666666667,15.770833333333334,167.20833333333334,1.0875000000000001,2.066666666666667,62.708333333333336,0.21958333333333332,44.458333333333336,2.160416666666667,63.041666666666664,54.708333333333336
2025-10-04,121.96249999999999,27.72083333333333,147.95833333333334,1.2375,1.6916666666666667,57.5,0.2833333333333333,170.125,2.1437500000000003,70.29166666666667,70.25
2025-10-05,115.55,27.954166666666666,134.95833333333334,0.7999999999999999,1.1833333333333333,51.375,0.3475,156.875,2.1583333333333337,83.54166666666667,88.33333333333333
2025-10-06,190.07083333333333,50.45416666666667,134.0,0.7416666666666667,1.2291666666666667,59.083333333333336,0.3016666666666667,255.25,2.1999999999999997,101.91666666666667,94.29166666666667
2025-10-07,252.65416666666667,71.825,146.20833333333334,1.7416666666666665,5.645833333333333,77.41666666666667,0.32166666666666666,334.625,2.1374999999999997,154.54166666666666,138.33333333333334
2025-10-08,164.10833333333332,53.37916666666666,145.54166666666666,1.6458333333333333,6.4125000000000005,84.0,0.34125,202.75,2.127083333333333,153.125,122.45833333333333
2025-10-09,88.33749999999999,35.512499999999996,179.875,1.3208333333333333,4.508333333333334,83.75,0.2891666666666667,94.29166666666667,2.1625,123.58333333333333,90.04166666666667
2025-10-10,84.02083333333333,30.825,163.66666666666666,1.2791666666666666,1.4916666666666665,77.0,0.30583333333333335,91.83333333333333,2.0375,96.0,75.08333333333333
2025-10-11,73.01666666666667,28.183333333333334,163.45833333333334,1.0708333333333333,2.029166666666667,72.58333333333333,0.29833333333333334,76.66666666666667,2.0791666666666666,85.70833333333333,71.91666666666667
2025-10-12,84.22916666666667,30.883333333333336,167.875,0.8083333333333332,1.2875,60.5,0.30916666666666665,92.83333333333333,2.15625,82.5,66.125
2025-10-13,113.57916666666667,31.587500000000002,151.20833333333334,0.9625,1.6041666666666667,70.16666666666667,0.25625000000000003,146.95833333333334,2.0416666666666665,98.04166666666667,84.41666666666667
2025-10-14,87.61666666666667,28.587500000000002,202.95833333333334,1.6416666666666666,4.6625000000000005,78.125,0.27875,102.95833333333333,2.0854166666666667,86.75,80.41666666666667
2025-10-15,45.49166666666667,16.233333333333334,191.95833333333334,1.1166666666666667,2.129166666666667,79.91666666666667,0.21375,46.208333333333336,2.2583333333333333,72.04166666666667,66.0
2025-10-16,26.974999999999998,13.016666666666666,133.375,0.9208333333333334,0.9375,78.95833333333333,0.15833333333333335,15.958333333333334,2.254166666666667,55.041666666666664,35.708333333333336
2025-10-17,95.05416666666667,20.979166666666668,129.75,0.8125,1.2416666666666667,77.54166666666667,0.27999999999999997,130.0,2.066666666666667,60.625,57.208333333333336
2025-10-18,92.65833333333335,17.670833333333334,143.70833333333334,1.0166666666666666,2.725,63.083333333333336,0.23083333333333333,132.83333333333334,2.0729166666666665,62.375,71.375
2025-10-19,74.49166666666666,16.316666666666666,140.95833333333334,1.0791666666666666,2.404166666666667,62.791666666666664,0.23124999999999998,102.41666666666667,2.0166666666666666,74.04166666666667,81.125
2025-10-20,44.82916666666667,13.429166666666667,137.25,1.1958333333333333,2.4375,59.208333333333336,0.22833333333333336,52.166666666666664,2.15625,55.041666666666664,60.458333333333336
2025-10-21,42.475,12.716666666666667,132.20833333333334,1.075,1.6375,61.375,0.20833333333333334,48.0,2.1666666666666665,51.916666666666664,46.041666666666664
2025-10-22,54.791666666666664,17.029166666666665,143.125,1.3375000000000001,2.1708333333333334,63.958333333333336,0.18416666666666667,62.208333333333336,2.160416666666667,55.708333333333336,53.208333333333336
2025-10-23,66.78750000000001,21.587500000000002,143.83333333333334,1.1,1.6708333333333334,64.625,0.19708333333333336,75.875,2.11875,65.66666666666667,64.54166666666667
2025-10-24,85.04166666666667,27.2375,140.5,1.5,1.925,62.041666666666664,0.17958333333333332,101.29166666666667,2.0854166666666667,75.625,69.83333333333333
2025-10-25,95.54166666666667,29.141666666666666,134.0,1.2291666666666667,1.4291666666666665,56.875,0.21708333333333332,116.66666666666667,2.0812500000000003,84.625,76.95833333333333
2025-10-26,69.96666666666667,22.295833333333334,144.41666666666666,1.3833333333333335,1.9833333333333334,59.208333333333336,0.16541666666666668,83.33333333333333,2.0791666666666666,80.75,73.375
2025-10-27,58.21666666666667,21.462500000000002,143.25,1.4000000000000001,1.4916666666666665,58.875,0.13416666666666666,61.833333333333336,2.1708333333333334,70.04166666666667,65.125
2025-10-28,50.387499999999996,16.9875,147.5,2.154166666666667,1.8541666666666667,67.04166666666667,0.15666666666666668,55.75,2.1125000000000003,67.91666666666667,62.75
2025-10-29,59.36666666666667,17.983333333333334,138.08333333333334,1.6708333333333334,2.829166666666667,64.79166666666667,0.17875,69.83333333333333,2.0416666666666665,58.541666666666664,56.208333333333336
2025-10-30,118.82083333333333,29.241666666666664,146.16666666666666,1.375,2.2125,53.541666666666664,0.22624999999999998,160.41666666666666,1.9604166666666665,71.625,72.875
2025-10-31,80.9875,23.616666666666664,153.95833333333334,1.1916666666666667,1.7249999999999999,65.29166666666667,0.18416666666666667,99.83333333333333,2.0,88.91666666666667,85.70833333333333
2025-11-01,42.79583333333333,14.9625,145.04166666666666,1.1458333333333333,1.6875,69.04166666666667,0.15791666666666668,44.375,2.0229166666666667,62.041666666666664,62.791666666666664
2025-11-02,35.59583333333333,13.654166666666667,143.08333333333334,1.1208333333333333,1.5833333333333333,64.25,0.19458333333333333,33.416666666666664,1.925,54.75,38.583333333333336
2025-11-03,36.300000000000004,13.179166666666667,173.66666666666666,2.5124999999999997,1.8541666666666667,77.16666666666667,0.16666666666666666,37.708333333333336,1.9854166666666666,52.208333333333336,36.666666666666664
2025-11-04,53.270833333333336,16.645833333333332,132.875,1.6041666666666667,2.1666666666666665,67.45833333333333,0.24458333333333335,62.083333333333336,1.8583333333333334,55.916666666666664,46.791666666666664
2025-11-05,55.50833333333333,15.879166666666668,136.125,1.1166666666666667,1.7249999999999999,63.875,0.14791666666666667,67.66666666666667,1.9895833333333333,59.916666666666664,62.708333333333336
2025-11-06,68.85416666666667,17.133333333333333,153.58333333333334,1.3458333333333332,1.7750000000000001,73.125,0.10666666666666667,89.83333333333333,2.0208333333333335,58.375,63.666666666666664
2025-11-07,55.012499999999996,21.620833333333334,145.375,1.4124999999999999,3.0375,72.5,0.16375,54.625,1.9375,67.41666666666667,66.125
2025-11-08,61.270833333333336,19.616666666666667,140.41666666666666,1.425,2.7875,67.70833333333333,0.20666666666666667,72.125,1.0374999999999999,66.20833333333333,61.291666666666664
2025-11-09,99.24166666666667,27.27916666666667,131.83333333333334,1.3541666666666667,2.7708333333333335,70.54166666666667,0.23916666666666667,129.66666666666666,1.7458333333333333,72.79166666666667,70.375
2025-11-10,58.3125,21.108333333333334,159.91666666666666,1.3541666666666667,3.079166666666667,77.625,0.2925,64.875,1.3645833333333333,80.70833333333333,75.58333333333333
2025-11-11,34.487500000000004,15.4125,214.54166666666666,2.4208333333333334,7.3374999999999995,86.20833333333333,0.25666666666666665,32.916666666666664,0.6687500000000001,62.791666666666664,51.458333333333336
2025-11-12,35.99583333333333,15.795833333333334,163.5,1.1791666666666667,2.3208333333333333,77.58333333333333,0.26708333333333334,33.666666666666664,0.7125,58.458333333333336,35.5
2025-11-13,19.045833333333334,10.258333333333333,173.91666666666666,0.75,1.4041666666666668,78.5,0.19708333333333336,10.833333333333334,1.695833333333333,48.958333333333336,32.166666666666664
2025-11-14,18.212500000000002,9.275,158.125,0.7166666666666667,1.0208333333333333,71.58333333333333,0.14458333333333334,9.25,1.96875,41.916666666666664,28.625
2025-11-15,39.545833333333334,12.366666666666667,139.625,0.7583333333333333,0.65,60.166666666666664,0.11208333333333333,42.333333333333336,1.9958333333333333,43.25,29.916666666666668
2025-11-16,40.17916666666667,14.1625,164.08333333333334,1.6833333333333333,0.6708333333333334,59.25,0.15208333333333332,42.166666666666664,1.8395833333333333,53.333333333333336,44.0
2025-11-17,47.275,16.033333333333335,233.375,2.920833333333333,1.1333333333333333,83.66666666666667,0.16333333333333333,54.625,1.8583333333333334,60.041666666666664,48.583333333333336
2025-11-18,64.07916666666667,18.55,216.33333333333334,2.3666666666666667,1.2083333333333333,72.875,0.19291666666666665,81.875,1.64375,61.333333333333336,62.708333333333336
2025-11-19,64.14583333333333,21.587500000000002,168.33333333333334,1.2208333333333334,0.8833333333333333,60.625,0.1875,73.625,1.7208333333333332,67.58333333333333,65.29166666666667
2025-11-20,69.3625,22.025000000000002,144.04166666666666,0.8624999999999999,0.7666666666666666,64.33333333333333,0.19125,81.16666666666667,1.7895833333333335,69.16666666666667,64.33333333333333
2025-11-21,57.025,17.254166666666666,149.125,0.8791666666666668,1.3499999999999999,67.79166666666667,0.20958333333333334,67.91666666666667,1.5895833333333333,67.16666666666667,66.25
2025-11-22,35.520833333333336,14.816666666666668,160.33333333333334,0.9874999999999999,1.2375,81.125,0.23166666666666666,34.0,0.725,58.5,54.583333333333336
2025-11-23,39.74166666666667,18.679166666666667,190.16666666666666,1.0041666666666667,1.0041666666666667,85.16666666666667,0.3970833333333333,34.375,0.37916666666666665,57.5,35.208333333333336
2025-11-24,76.28750000000001,25.558333333333334,148.25,1.2541666666666667,1.1624999999999999,70.20833333333333,0.3620833333333333,91.91666666666667,1.2166666666666666,70.375,58.916666666666664
2025-11-25,86.05,27.570833333333336,147.04166666666666,1.6041666666666667,1.05,71.45833333333333,0.34125,107.33333333333333,0.7666666666666667,91.375,81.625
2025-11-26,51.770833333333336,18.141666666666666,169.875,1.8875,1.2791666666666666,70.95833333333333,0.19375,59.0,1.0354166666666667,68.5,63.458333333333336
2025-11-27,36.07083333333333,10.554166666666667,155.79166666666666,1.2583333333333333,0.8375,71.79166666666667,0.11208333333333333,42.625,1.75,53.833333333333336,43.333333333333336
2025-11-28,55.875,16.779166666666665,138.41666666666666,0.8666666666666667,0.7125,62.958333333333336,0.15875,66.29166666666667,1.7604166666666667,51.666666666666664,45.083333333333336
2025-11-29,58.237500000000004,16.8875,132.83333333333334,0.7541666666666668,0.7416666666666667,65.79166666666667,0.17666666666666667,69.83333333333333,1.7437500000000001,60.416666666666664,63.333333333333336
2025-11-30,50.862500000000004,17.120833333333334,140.83333333333334,0.975,0.9208333333333333,59.791666666666664,0.21375,55.875,1.7312500000000002,58.875,56.333333333333336
2025-12-01,91.18333333333334,29.554166666666664,147.66666666666666,1.9708333333333332,0.8458333333333333,62.25,0.3275,109.91666666666667,1.5083333333333335,76.91666666666667,71.95833333333333
2025-12-02,120.46249999999999,26.837500000000002,144.625,0.9249999999999999,0.8083333333333332,65.20833333333333,0.3204166666666667,169.54166666666666,1.1583333333333334,88.125,84.29166666666667
2025-12-03,63.6,14.762500000000001,167.83333333333334,1.0583333333333333,1.6458333333333333,79.5,0.22333333333333336,86.75,0.5354166666666667,66.5,75.25
2025-12-04,42.541666666666664,13.241666666666667,175.54166666666666,1.1208333333333333,1.1416666666666668,73.5,0.21791666666666668,50.708333333333336,1.3708333333333333,55.0,58.708333333333336
2025-12-05,64.39999999999999,18.0,190.04166666666666,1.7249999999999999,1.4958333333333333,68.66666666666667,0.28375,83.20833333333333,1.5020833333333332,54.625,53.458333333333336
2025-12-06,88.47500000000001,23.054166666666664,174.375,1.3458333333333332,1.1416666666666666,72.54166666666667,0.25958333333333333,126.83333333333333,0.36874999999999997,70.75,71.0
2025-12-07,26.704166666666666,12.075000000000001,176.29166666666666,1.3416666666666668,0.9916666666666667,71.95833333333333,0.21458333333333335,23.666666666666668,1.2666666666666668,61.708333333333336,54.291666666666664
2025-12-08,27.616666666666664,11.479166666666666,149.16666666666666,1.0708333333333333,0.7458333333333332,64.45833333333333,0.16874999999999998,24.583333333333332,1.7104166666666665,44.791666666666664,25.875
2025-12-09,68.05833333333334,20.712500000000002,142.70833333333334,1.2166666666666666,0.8624999999999999,62.208333333333336,0.18375,80.75,1.6020833333333335,59.541666666666664,58.125
2025-12-10,59.237500000000004,20.429166666666667,145.625,1.0583333333333333,0.7958333333333334,61.25,0.17375,66.125,1.6583333333333332,67.79166666666667,63.666666666666664
2025-12-11,78.4875,20.849999999999998,144.75,1.0333333333333334,0.9791666666666666,63.166666666666664,0.1175,100.16666666666667,1.5999999999999999,68.20833333333333,68.75
2025-12-12,99.6875,26.71666666666667,143.41666666666666,0.9083333333333333,0.8833333333333333,62.291666666666664,0.12625,128.08333333333334,1.7333333333333334,76.75,76.08333333333333
2025-12-13,151.68333333333334,31.445833333333336,136.83333333333334,0.7541666666666668,0.8166666666666668,70.625,0.1475,216.70833333333334,1.6479166666666665,88.29166666666667,90.375
2025-12-14,110.81666666666666,19.341666666666665,140.66666666666666,0.5458333333333333,2.7916666666666665,89.45833333333333,0.12791666666666665,160.08333333333334,1.6500000000000001,92.41666666666667,96.04166666666667
2025-12-15,86.45,14.416666666666666,149.41666666666666,0.8458333333333333,1.75,81.83333333333333,0.1075,126.16666666666667,1.7145833333333333,66.875,75.45833333333333
2025-12-16,82.825,22.3625,149.79166666666666,1.3708333333333333,0.8208333333333333,71.08333333333333,0.18958333333333333,106.25,1.6270833333333332,65.79166666666667,73.16666666666667
2025-12-17,110.625,26.416666666666668,140.5,1.1541666666666666,0.6916666666666668,66.75,0.12541666666666668,149.33333333333334,1.6958333333333335,78.41666666666667,80.25
2025-12-18,168.83333333333334,37.5,149.91666666666666,1.0999999999999999,0.9416666666666668,70.16666666666667,0.25625000000000003,234.29166666666666,1.425,93.83333333333333,96.54166666666667
2025-12-19,184.04166666666666,43.725,160.08333333333334,1.3041666666666667,0.9541666666666666,69.75,0.4283333333333334,252.20833333333334,1.2562499999999999,117.79166666666667,115.66666666666667
2025-12-20,102.97916666666667,29.941666666666666,166.29166666666666,1.375,0.85,65.375,0.24458333333333335,130.5,1.6270833333333332,101.91666666666667,92.83333333333333
2025-12-21,94.57083333333333,25.016666666666666,162.08333333333334,1.3916666666666666,0.7625000000000001,64.25,0.1875,122.20833333333333,1.6270833333333332,80.0,78.0
2025-12-22,97.24583333333334,23.191666666666666,159.875,1.3708333333333333,0.8208333333333333,59.833333333333336,0.15166666666666667,129.54166666666666,1.7125000000000001,76.58333333333333,79.29166666666667
2025-12-23,105.6875,25.916666666666668,174.70833333333334,1.25,0.7374999999999999,57.416666666666664,0.13749999999999998,140.33333333333334,1.6875,78.54166666666667,81.375
2025-12-24,116.59583333333335,26.34583333333333,156.29166666666666,1.1083333333333334,0.6333333333333333,65.75,0.12791666666666665,158.25,1.3833333333333335,79.5,84.125
2025-12-25,96.74166666666667,28.304166666666664,149.75,1.1500000000000001,0.7291666666666666,69.0,0.10791666666666666,118.29166666666667,1.1104166666666668,79.5,77.91666666666667
2025-12-26,81.1875,19.341666666666665,140.04166666666666,0.9583333333333334,1.0541666666666667,71.75,0.07708333333333334,106.125,1.7645833333333334,78.95833333333333,79.33333333333333
2025-12-27,70.08749999999999,16.820833333333333,139.5,1.0250000000000001,0.9916666666666667,65.54166666666667,0.07416666666666667,90.95833333333333,1.7833333333333334,60.166666666666664,68.58333333333333
2025-12-28,72.05,18.066666666666666,148.20833333333334,1.4875,0.8041666666666667,63.666666666666664,0.08625000000000001,92.75,1.7979166666666666,64.54166666666667,71.33333333333333
2025-12-29,53.916666666666664,16.995833333333334,163.95833333333334,1.825,0.8291666666666666,63.666666666666664,0.13125,61.75,1.71875,58.666666666666664,62.0
2025-12-30,56.449999999999996,18.791666666666668,178.08333333333334,1.9124999999999999,0.9375,69.375,0.21,64.66666666666667,1.6500000000000001,64.29166666666667,63.333333333333336
2025-12-31,42.75833333333333,15.266666666666666,182.25,1.875,0.85,65.20833333333333,0.15708333333333332,45.666666666666664,1.7541666666666667,60.75,56.041666666666664
2026-01-01,74.45,17.3,151.20833333333334,1.5625,0.6791666666666667,60.666666666666664,0.19499999999999998,98.45833333333333,1.6416666666666666,56.75,49.458333333333336
2026-01-02,35.94583333333333,14.391666666666666,145.625,1.8208333333333335,0.8083333333333332,63.833333333333336,0.23291666666666666,31.458333333333332,1.5374999999999999,59.041666666666664,63.041666666666664
2026-01-03,13.720833333333333,8.6625,135.04166666666666,0.9,0.5291666666666667,65.45833333333333,0.18625,0.9583333333333334,1.5374999999999999,48.0,27.75
2026-01-04,13.304166666666667,8.220833333333333,141.91666666666666,0.775,0.5625,71.45833333333333,0.23583333333333334,0.7083333333333334,1.3208333333333333,33.875,28.583333333333332
2026-01-05,21.962500000000002,10.145833333333334,140.625,0.6916666666666668,0.6333333333333333,73.125,0.24875,12.208333333333334,1.5687499999999999,39.458333333333336,29.291666666666668
2026-01-06,43.925000000000004,12.383333333333333,137.54166666666666,0.875,0.5958333333333333,68.79166666666667,0.17625000000000002,49.375,1.1375,41.291666666666664,30.083333333333332
2026-01-07,139.05416666666667,32.020833333333336,160.91666666666666,1.1083333333333334,0.5416666666666666,67.29166666666667,0.1775,188.625,1.4937500000000001,64.29166666666667,70.625
2026-01-08,153.45833333333334,43.208333333333336,168.625,1.3166666666666667,0.6124999999999999,65.08333333333333,0.16166666666666665,198.25,1.8,122.91666666666667,113.29166666666667
2026-01-09,106.27499999999999,36.725,208.04166666666666,2.1374999999999997,0.7666666666666666,63.041666666666664,0.25416666666666665,122.75,1.2875,103.875,87.70833333333333
2026-01-10,128.24166666666667,46.375,186.58333333333334,1.5999999999999999,0.5416666666666666,57.583333333333336,0.3720833333333333,141.54166666666666,1.5999999999999999,115.29166666666667,85.875
2026-01-11,116.62916666666666,37.9125,176.16666666666666,1.425,0.5166666666666667,57.583333333333336,0.32208333333333333,136.0,1.695833333333333,120.125,89.83333333333333
2026-01-12,103.32916666666667,28.254166666666666,190.58333333333334,1.6541666666666668,0.5791666666666667,58.458333333333336,0.25416666666666665,130.375,1.5729166666666667,95.45833333333333,86.08333333333333
2026-01-13,81.45416666666667,25.329166666666666,172.04166666666666,1.6833333333333333,0.5499999999999999,53.958333333333336,0.32666666666666666,95.75,1.3708333333333333,80.45833333333333,74.5
2026-01-14,70.70833333333333,26.25,162.125,1.3291666666666666,0.45,58.166666666666664,0.17541666666666667,73.29166666666667,1.8604166666666666,72.70833333333333,66.75
2026-01-15,164.89166666666668,50.06666666666666,164.41666666666666,1.4375,0.4708333333333334,59.583333333333336,0.1475,204.29166666666666,1.8354166666666665,110.95833333333333,87.625
2026-01-16,123.71249999999999,34.47083333333333,170.33333333333334,1.4749999999999999,0.5,61.875,0.16,159.33333333333334,1.9020833333333333,121.875,102.75
2026-01-17,99.05416666666667,27.791666666666668,165.125,1.4625000000000001,0.4875,57.166666666666664,0.26708333333333334,121.08333333333333,1.7750000000000001,86.95833333333333,80.875
2026-01-18,146.6625,36.225,153.66666666666666,1.1583333333333334,0.5458333333333333,61.375,0.24208333333333334,194.83333333333334,1.5541666666666665,93.33333333333333,90.58333333333333
2026-01-19,128.76666666666668,30.233333333333334,157.58333333333334,0.9750000000000001,0.45416666666666666,72.04166666666667,0.17833333333333334,173.29166666666666,1.85625,92.08333333333333,91.0
2026-01-20,170.89583333333334,43.07916666666667,163.54166666666666,1.175,0.5458333333333333,73.45833333333333,0.22916666666666666,228.08333333333334,1.9291666666666665,105.0,101.66666666666667
2026-01-21,166.94166666666666,45.166666666666664,164.25,1.3541666666666667,0.5750000000000001,68.58333333333333,0.19458333333333333,214.125,1.9791666666666667,133.66666666666666,116.625
2026-01-22,104.63333333333333,27.625,167.66666666666666,1.4458333333333335,0.7291666666666666,72.625,0.20833333333333334,134.70833333333334,1.8145833333333332,97.91666666666667,91.58333333333333
2026-01-23,90.16666666666667,23.2,175.54166666666666,1.5625,0.5833333333333334,71.58333333333333,0.24291666666666667,113.5,1.4729166666666667,77.83333333333333,78.125
2026-01-24,76.3,21.141666666666666,168.625,1.5333333333333332,0.6083333333333333,68.875,0.13625,93.79166666666667,1.5854166666666665,70.16666666666667,72.20833333333333
2026-01-25,84.27083333333333,28.974999999999998,156.70833333333334,1.9541666666666666,0.7708333333333334,63.583333333333336,0.20583333333333334,95.79166666666667,1.8687500000000001,76.08333333333333,71.33333333333333
2026-01-26,134.6625,52.25416666666666,174.375,1.9749999999999999,0.9958333333333332,73.41666666666667,0.35708333333333336,149.125,1.7333333333333334,114.5,85.04166666666667
2026-01-27,81.94166666666666,30.954166666666666,192.41666666666666,2.245833333333333,0.8666666666666667,77.91666666666667,0.45166666666666666,90.20833333333333,1.7375,117.08333333333333,81.54166666666667
2026-01-28,70.18333333333334,24.358333333333334,184.79166666666666,1.8375000000000001,0.775,72.0,0.18708333333333335,79.41666666666667,2.0395833333333333,81.20833333333333,69.625
2026-01-29,81.75416666666666,25.383333333333336,181.08333333333334,1.5999999999999999,0.7166666666666667,69.29166666666667,0.14833333333333334,97.125,2.06875,76.79166666666667,70.25
2026-01-30,80.72916666666667,23.84166666666667,169.08333333333334,1.5458333333333334,0.7416666666666667,66.45833333333333,0.11583333333333334,98.25,2.0625,77.79166666666667,73.75
2026-01-31,104.3875,30.275000000000002,151.125,1.25,0.4916666666666667,61.625,0.13583333333333333,128.54166666666666,2.0749999999999997,81.0,75.45833333333333
2026-02-01,121.07499999999999,41.87916666666667,161.04166666666666,1.5541666666666665,0.6041666666666666,59.458333333333336,0.18583333333333332,136.75,2.027083333333333,109.95833333333333,89.66666666666667
2026-02-02,134.96666666666667,41.824999999999996,140.54166666666666,1.5,0.5291666666666667,57.291666666666664,0.1625,161.25,2.025,106.875,84.95833333333333
2026-02-03,123.87083333333334,39.46666666666667,148.45833333333334,1.575,0.5416666666666666,65.625,0.13916666666666666,143.91666666666666,2.0083333333333333,108.08333333333333,90.375
2026-02-04,94.37916666666666,30.708333333333332,156.25,1.6624999999999999,0.6583333333333333,60.541666666666664,0.1975,108.0,1.8833333333333335,111.375,89.91666666666667
2026-02-05,55.262499999999996,20.820833333333333,161.66666666666666,2.3958333333333335,0.9041666666666667,56.416666666666664,0.1925,53.75,1.2416666666666667,73.125,64.0
2026-02-06,56.19166666666666,17.566666666666666,155.0,1.5875000000000001,0.7000000000000001,72.16666666666667,0.16333333333333333,60.666666666666664,1.33125,65.83333333333333,63.333333333333336
2026-02-07,75.53333333333333,24.754166666666666,173.83333333333334,1.5625,0.6708333333333334,61.041666666666664,0.125,86.58333333333333,2.2624999999999997,73.70833333333333,69.16666666666667
2026-02-08,104.84583333333335,29.96666666666667,162.5,1.4291666666666665,0.5541666666666667,60.583333333333336,0.10666666666666667,129.33333333333334,2.1062499999999997,77.25,74.125
2026-02-09,113.60833333333333,31.6125,166.58333333333334,1.3583333333333334,0.5750000000000001,73.125,0.12291666666666667,144.25,2.0875,91.625,84.45833333333333
2026-02-10,100.49583333333334,25.391666666666666,167.95833333333334,1.3125,0.5541666666666667,73.95833333333333,0.12541666666666668,130.875,2.0916666666666663,87.375,84.5
2026-02-11,142.1,41.262499999999996,176.41666666666666,1.6333333333333335,0.6208333333333333,61.916666666666664,0.11333333333333334,175.33333333333334,2.1083333333333334,95.41666666666667,87.83333333333333
2026-02-12,74.8875,29.945833333333336,193.54166666666666,2.345833333333333,0.9958333333333335,62.291666666666664,0.13166666666666668,72.875,2.122916666666667,97.58333333333333,81.125
2026-02-13,65.98333333333333,23.645833333333332,168.70833333333334,1.8583333333333334,0.7791666666666667,61.041666666666664,0.23083333333333333,69.58333333333333,2.0729166666666665,81.20833333333333,66.79166666666667
2026-02-14,158.78333333333333,41.87916666666667,146.25,1.1833333333333333,0.425,58.25,0.2733333333333334,206.75,1.9979166666666666,82.75,77.54166666666667
2026-02-15,192.525,57.09583333333333,156.625,1.2791666666666666,0.8125,76.58333333333333,0.35083333333333333,244.45833333333334,1.925,143.08333333333334,120.41666666666667
2026-02-16,174.83333333333334,57.82916666666667,190.75,2.0166666666666666,0.9833333333333334,81.08333333333333,0.43416666666666665,209.0,1.8354166666666665,151.79166666666666,116.29166666666667
2026-02-17,129.125,50.479166666666664,206.66666666666666,2.183333333333333,0.9791666666666666,85.125,0.5308333333333334,142.58333333333334,1.8812499999999999,148.875,100.25
2026-02-18,111.30833333333334,41.46666666666667,209.54166666666666,2.2624999999999997,0.9166666666666666,84.08333333333333,0.33916666666666667,123.75,1.9937500000000001,123.25,85.33333333333333
